Pi weather station data from codename raspberry, initialised Thu Sep 20 16:17:51 2018
Format YYYY-MM-DDTHH:MM:SS, Temperature [degC], Wind speed [km/h], Rainfall [mm]
Temperature is instantaneous, wind speed is averaged since previous measurement,
rainfall is accumulated since previous measurement.

time,temperature_degC,wind_speed_km/h,rainfall_mm
2018-09-20T16:17:52, 17.437, 0.0, 0.0
2018-09-20T16:18:53, 17.562, 2.72, 0.0
2018-09-20T16:19:54, 17.687, 2.54, 0.0
2018-09-20T16:20:55, 17.75, 2.48, 0.0
2018-09-20T16:21:56, 17.812, 2.19, 0.0
2018-09-20T16:22:57, 17.812, 2.54, 0.0
2018-09-20T16:23:58, 17.875, 2.66, 0.0
2018-09-20T16:24:59, 17.937, 2.13, 0.0
2018-09-20T16:26:00, 18.0, 2.78, 0.0
2018-09-20T16:27:01, 18.062, 2.01, 0.0
2018-09-20T16:28:02, 18.0, 1.56, 0.0
2018-09-20T16:29:03, 17.812, 1.14, 0.0
2018-09-20T16:30:04, 17.687, 1.99, 0.0
2018-09-20T16:31:05, 17.625, 2.48, 0.0
2018-09-20T16:32:06, 17.625, 2.44, 0.0
2018-09-20T16:33:07, 17.562, 2.54, 0.0
2018-09-20T16:34:08, 17.562, 2.52, 0.0
2018-09-20T16:35:09, 17.562, 2.15, 0.0
2018-09-20T16:36:10, 17.75, 2.96, 0.0
2018-09-20T16:37:10, 17.812, 2.25, 0.0
2018-09-20T16:38:11, 17.875, 2.32, 0.0
2018-09-20T16:39:12, 17.937, 2.62, 0.0
2018-09-20T16:40:13, 18.0, 2.34, 0.0
2018-09-20T16:41:14, 18.0, 1.73, 0.0
2018-09-20T16:42:15, 18.062, 1.73, 0.0
2018-09-20T16:43:16, 18.0, 2.21, 0.0
2018-09-20T16:44:17, 18.0, 2.86, 0.0
2018-09-20T16:45:18, 18.062, 2.52, 0.0
2018-09-20T16:46:19, 18.125, 1.62, 0.0
2018-09-20T16:47:20, 18.125, 1.79, 0.0
2018-09-20T16:48:21, 17.812, 1.91, 0.0
2018-09-20T16:49:22, 17.75, 1.26, 0.0
2018-09-20T16:50:23, 17.625, 1.54, 0.0
2018-09-20T16:51:24, 17.687, 1.2, 0.0
2018-09-20T16:52:25, 17.75, 1.5, 0.0
2018-09-20T16:53:26, 17.875, 2.38, 0.0
2018-09-20T16:54:27, 18.0, 1.85, 0.0
2018-09-20T16:55:28, 18.125, 1.76, 0.0
2018-09-20T16:56:29, 18.25, 1.72, 0.0
2018-09-20T16:57:30, 18.312, 2.15, 0.0
2018-09-20T16:58:31, 18.312, 2.6, 0.0
2018-09-20T16:59:32, 18.312, 2.58, 0.0
2018-09-20T17:00:32, 18.312, 2.25, 0.0
2018-09-20T17:01:33, 18.312, 1.71, 0.0
2018-09-20T17:02:34, 18.375, 1.64, 0.0
2018-09-20T17:03:35, 18.25, 3.08, 0.0
2018-09-20T17:04:36, 18.187, 2.15, 0.0
2018-09-20T17:05:37, 18.125, 1.91, 0.0
2018-09-20T17:06:38, 18.125, 1.75, 0.0
2018-09-20T17:07:39, 18.187, 2.34, 0.0
2018-09-20T17:08:40, 18.187, 2.09, 0.0
2018-09-20T17:09:41, 18.25, 1.73, 0.0
2018-09-20T17:10:42, 18.25, 2.11, 0.0
2018-09-20T17:11:43, 18.312, 1.79, 0.0
2018-09-20T17:12:44, 18.312, 2.09, 0.0
2018-09-20T17:13:45, 18.312, 2.15, 0.0
2018-09-20T17:14:46, 18.312, 1.81, 0.0
2018-09-20T17:15:47, 18.25, 2.74, 0.0
2018-09-20T17:16:48, 18.25, 2.34, 0.0
2018-09-20T17:17:49, 18.25, 2.23, 0.0
2018-09-20T17:18:50, 18.312, 2.21, 0.0
2018-09-20T17:19:51, 18.375, 2.03, 0.0
2018-09-20T17:20:52, 18.312, 2.09, 0.0
2018-09-20T17:21:53, 18.25, 2.44, 0.0
2018-09-20T17:22:54, 18.187, 2.07, 0.0
2018-09-20T17:23:55, 18.187, 1.42, 0.0
2018-09-20T17:24:56, 18.187, 1.14, 0.0
2018-09-20T17:25:57, 18.125, 2.05, 0.0
2018-09-20T17:26:58, 18.187, 2.42, 0.0
2018-09-20T17:27:59, 18.187, 2.48, 0.0
2018-09-20T17:29:00, 18.187, 1.91, 0.0
2018-09-20T17:30:01, 18.187, 0.95, 0.0
2018-09-20T17:31:02, 18.187, 1.06, 0.0
2018-09-20T17:32:03, 18.187, 1.64, 0.0
2018-09-20T17:33:04, 18.187, 2.21, 0.0
2018-09-20T17:34:05, 18.25, 2.29, 0.0
2018-09-20T17:35:06, 18.25, 2.24, 0.0
2018-09-20T17:36:07, 18.187, 1.26, 0.0
2018-09-20T17:37:08, 18.187, 2.01, 0.0
2018-09-20T17:38:09, 18.187, 2.3, 0.0
2018-09-20T17:39:10, 18.187, 1.75, 0.0
2018-09-20T17:40:11, 18.25, 2.6, 0.0
2018-09-20T17:41:12, 18.312, 2.92, 0.0
2018-09-20T17:42:13, 18.312, 2.66, 0.0
2018-09-20T17:43:14, 18.312, 1.87, 0.0
2018-09-20T17:44:14, 18.312, 1.66, 0.0
2018-09-20T17:45:15, 18.312, 2.36, 0.0
2018-09-20T17:46:16, 18.25, 1.81, 0.0
2018-09-20T17:47:17, 18.125, 1.54, 0.0
2018-09-20T17:48:18, 18.125, 1.73, 0.0
2018-09-20T17:49:19, 18.062, 1.42, 0.0
2018-09-20T17:50:20, 18.062, 1.95, 0.0
2018-09-20T17:51:21, 18.062, 1.6, 0.0
2018-09-20T17:52:22, 18.0, 0.69, 0.0
2018-09-20T17:53:23, 17.937, 1.12, 0.0
2018-09-20T17:54:24, 17.812, 2.15, 0.0
2018-09-20T17:55:25, 17.812, 1.44, 0.0
2018-09-20T17:56:26, 17.75, 2.19, 0.0
2018-09-20T17:57:27, 17.687, 1.89, 0.0
2018-09-20T17:58:28, 17.625, 1.48, 0.0
2018-09-20T17:59:29, 17.562, 1.04, 0.0
2018-09-20T18:00:30, 17.625, 2.23, 0.0
2018-09-20T18:01:31, 17.562, 2.48, 0.0
2018-09-20T18:02:32, 17.562, 2.44, 0.0
2018-09-20T18:03:33, 17.5, 2.01, 0.0
2018-09-20T18:04:34, 17.437, 2.68, 0.0
2018-09-20T18:05:35, 17.437, 1.97, 0.0
2018-09-20T18:06:36, 17.312, 1.6, 0.0
2018-09-20T18:07:37, 17.125, 1.79, 0.0
2018-09-20T18:08:37, 16.937, 1.62, 0.0
2018-09-20T18:09:38, 16.875, 1.4, 0.0
2018-09-20T18:10:39, 16.875, 2.01, 0.0
2018-09-20T18:11:40, 16.812, 1.54, 0.0
2018-09-20T18:12:41, 16.875, 1.85, 0.0
2018-09-20T18:13:42, 16.875, 1.79, 0.0
2018-09-20T18:14:43, 16.875, 1.77, 0.0
2018-09-20T18:15:44, 16.937, 2.6, 0.0
2018-09-20T18:16:45, 16.937, 2.48, 0.0
2018-09-20T18:17:46, 16.875, 2.72, 0.0
2018-09-20T18:18:47, 16.875, 2.58, 0.0
2018-09-20T18:19:48, 16.812, 1.74, 0.0
2018-09-20T18:20:49, 16.75, 2.15, 0.0
2018-09-20T18:21:50, 16.75, 2.68, 0.0
2018-09-20T18:22:51, 16.75, 2.36, 0.0
2018-09-20T18:23:52, 16.812, 3.03, 0.0
2018-09-20T18:24:53, 16.812, 2.34, 0.0
2018-09-20T18:25:54, 16.812, 2.13, 0.0
2018-09-20T18:26:55, 16.875, 2.66, 0.0
2018-09-20T18:27:56, 16.875, 1.97, 0.0
2018-09-20T18:28:56, 16.937, 2.5, 0.0
2018-09-20T18:29:57, 16.937, 2.48, 0.0
2018-09-20T18:30:58, 16.875, 2.68, 0.0
2018-09-20T18:31:59, 16.687, 2.25, 0.0
2018-09-20T18:33:00, 16.625, 1.77, 0.0
2018-09-20T18:34:01, 16.562, 2.48, 0.0
2018-09-20T18:35:02, 16.562, 2.66, 0.0
2018-09-20T18:36:03, 16.5, 1.95, 0.0
2018-09-20T18:37:04, 16.437, 1.87, 0.0
2018-09-20T18:38:05, 16.437, 1.83, 0.28
2018-09-20T18:39:06, 16.437, 2.4, 0.0
2018-09-20T18:40:07, 16.437, 1.58, 0.0
2018-09-20T18:41:08, 16.437, 1.66, 0.0
2018-09-20T18:42:09, 16.5, 2.46, 0.0
2018-09-20T18:43:10, 16.437, 1.77, 0.0
2018-09-20T18:44:11, 16.437, 1.99, 0.0
2018-09-20T18:45:12, 16.437, 3.21, 0.0
2018-09-20T18:46:13, 16.375, 2.4, 0.0
2018-09-20T18:47:14, 16.375, 2.17, 0.0
2018-09-20T18:48:15, 16.375, 1.87, 0.0
2018-09-20T18:49:16, 16.312, 1.68, 0.28
2018-09-20T18:50:17, 16.312, 2.4, 0.0
2018-09-20T18:51:18, 16.312, 2.09, 0.0
2018-09-20T18:52:19, 16.25, 1.16, 0.28
2018-09-20T18:53:20, 16.312, 1.87, 0.0
2018-09-20T18:54:20, 16.312, 2.54, 0.0
2018-09-20T18:55:21, 16.312, 2.03, 0.28
2018-09-20T18:56:22, 16.312, 2.58, 0.0
2018-09-20T18:57:23, 16.312, 2.42, 0.0
2018-09-20T18:58:24, 16.312, 2.8, 0.0
2018-09-20T18:59:25, 16.312, 2.68, 0.28
2018-09-20T19:00:26, 16.312, 3.13, 0.0
2018-09-20T19:01:27, 16.312, 2.37, 0.0
2018-09-20T19:02:28, 16.312, 2.05, 0.0
2018-09-20T19:03:29, 16.312, 2.23, 0.0
2018-09-20T19:04:30, 16.312, 2.33, 0.0
2018-09-20T19:05:31, 16.375, 3.23, 0.0
2018-09-20T19:06:32, 16.312, 2.07, 0.0
2018-09-20T19:07:33, 16.312, 2.58, 0.0
2018-09-20T19:08:34, 16.312, 2.88, 0.0
2018-09-20T19:09:35, 16.375, 2.5, 0.0
2018-09-20T19:10:36, 16.375, 2.96, 0.0
2018-09-20T19:11:37, 16.375, 2.68, 0.0
2018-09-20T19:12:38, 16.375, 2.03, 0.0
2018-09-20T19:13:38, 16.375, 2.29, 0.0
2018-09-20T19:14:39, 16.375, 2.54, 0.0
2018-09-20T19:15:40, 16.375, 2.93, 0.0
2018-09-20T19:16:41, 16.375, 2.66, 0.0
2018-09-20T19:17:42, 16.375, 2.52, 0.0
2018-09-20T19:18:43, 16.437, 2.88, 0.0
2018-09-20T19:19:44, 16.375, 2.07, 0.0
2018-09-20T19:20:45, 16.375, 2.15, 0.0
2018-09-20T19:21:46, 16.375, 2.41, 0.0
2018-09-20T19:22:47, 16.437, 2.88, 0.0
2018-09-20T19:23:48, 16.437, 2.36, 0.0
2018-09-20T19:24:49, 16.375, 2.29, 0.0
2018-09-20T19:25:50, 16.375, 2.29, 0.0
2018-09-20T19:26:51, 16.375, 3.11, 0.28
2018-09-20T19:27:52, 16.375, 2.78, 0.0
2018-09-20T19:28:53, 16.375, 3.08, 0.0
2018-09-20T19:29:54, 16.375, 2.3, 0.0
2018-09-20T19:30:55, 16.437, 2.36, 0.0
2018-09-20T19:31:56, 16.375, 2.82, 0.0
2018-09-20T19:32:57, 16.437, 2.58, 0.0
2018-09-20T19:33:58, 16.375, 2.42, 0.0
2018-09-20T19:34:59, 16.375, 2.5, 0.0
2018-09-20T19:36:00, 16.375, 2.66, 0.0
2018-09-20T19:37:01, 16.375, 2.62, 0.0
2018-09-20T19:38:02, 16.437, 3.31, 0.0
2018-09-20T19:39:02, 16.437, 2.92, 0.0
2018-09-20T19:40:03, 16.375, 2.23, 0.0
2018-09-20T19:41:04, 16.437, 2.9, 0.0
2018-09-20T19:42:05, 16.437, 2.92, 0.0
2018-09-20T19:43:06, 16.437, 2.76, 0.0
2018-09-20T19:44:07, 16.437, 2.9, 0.0
2018-09-20T19:45:08, 16.437, 3.37, 0.0
2018-09-20T19:46:09, 16.437, 3.17, 0.0
2018-09-20T19:47:10, 16.437, 2.97, 0.0
2018-09-20T19:48:11, 16.437, 3.09, 0.0
2018-09-20T19:49:12, 16.437, 2.28, 0.0
2018-09-20T19:50:13, 16.437, 2.82, 0.0
2018-09-20T19:51:14, 16.437, 3.41, 0.0
2018-09-20T19:52:15, 16.437, 2.84, 0.0
2018-09-20T19:53:16, 16.375, 2.4, 0.28
2018-09-20T19:54:17, 16.437, 3.21, 0.0
2018-09-20T19:55:18, 16.375, 2.6, 0.0
2018-09-20T19:56:19, 16.375, 2.58, 0.0
2018-09-20T19:57:20, 16.375, 2.66, 0.0
2018-09-20T19:58:21, 16.375, 2.97, 0.0
2018-09-20T19:59:22, 16.375, 2.34, 0.0
2018-09-20T20:00:23, 16.312, 2.56, 0.28
2018-09-20T20:01:24, 16.375, 2.88, 0.0
2018-09-20T20:02:25, 16.375, 2.52, 0.0
2018-09-20T20:03:26, 16.375, 2.27, 0.0
2018-09-20T20:04:26, 16.375, 2.68, 0.0
2018-09-20T20:05:27, 16.312, 1.5, 0.28
2018-09-20T20:06:28, 16.312, 2.07, 0.0
2018-09-20T20:07:29, 16.312, 1.99, 0.0
2018-09-20T20:08:30, 16.312, 2.01, 0.0
2018-09-20T20:09:31, 16.312, 2.23, 0.28
2018-09-20T20:10:32, 16.312, 2.19, 0.0
2018-09-20T20:11:33, 16.312, 2.54, 0.0
2018-09-20T20:12:34, 16.312, 2.87, 0.28
2018-09-20T20:13:35, 16.312, 2.46, 0.0
2018-09-20T20:14:36, 16.25, 1.64, 0.0
2018-09-20T20:15:37, 16.25, 1.77, 0.28
2018-09-20T20:16:38, 16.312, 2.64, 0.0
2018-09-20T20:17:39, 16.312, 3.15, 0.28
2018-09-20T20:18:40, 16.312, 2.64, 0.0
2018-09-20T20:19:41, 16.25, 2.15, 0.28
2018-09-20T20:20:42, 16.25, 1.56, 0.0
2018-09-20T20:21:43, 16.25, 1.71, 0.0
2018-09-20T20:22:44, 16.25, 2.05, 0.28
2018-09-20T20:23:45, 16.187, 1.87, 0.28
2018-09-20T20:24:46, 16.25, 1.83, 0.0
2018-09-20T20:25:47, 16.25, 2.21, 0.0
2018-09-20T20:26:48, 16.25, 2.82, 0.0
2018-09-20T20:27:48, 16.25, 2.54, 0.0
2018-09-20T20:28:49, 16.25, 2.09, 0.28
2018-09-20T20:29:50, 16.187, 2.56, 0.28
2018-09-20T20:30:51, 16.25, 2.82, 0.0
2018-09-20T20:31:52, 16.187, 2.23, 0.0
2018-09-20T20:32:53, 16.187, 2.5, 0.28
2018-09-20T20:33:54, 16.25, 3.37, 0.0
2018-09-20T20:34:55, 16.25, 3.09, 0.0
2018-09-20T20:35:56, 16.187, 1.91, 0.0
2018-09-20T20:36:57, 16.25, 2.41, 0.28
2018-09-20T20:37:58, 16.187, 2.52, 0.28
2018-09-20T20:38:59, 16.187, 2.25, 0.0
2018-09-20T20:40:00, 16.25, 2.74, 0.28
2018-09-20T20:41:01, 16.25, 2.29, 0.0
2018-09-20T20:42:02, 16.25, 2.07, 0.28
2018-09-20T20:43:03, 16.25, 1.97, 0.0
2018-09-20T20:44:04, 16.25, 1.97, 0.0
2018-09-20T20:45:05, 16.25, 2.26, 0.28
2018-09-20T20:46:06, 16.187, 1.95, 0.0
2018-09-20T20:47:07, 16.187, 1.2, 0.0
2018-09-20T20:48:07, 16.187, 1.77, 0.28
2018-09-20T20:49:08, 16.25, 1.99, 0.0
2018-09-20T20:50:09, 16.25, 2.05, 0.0
2018-09-20T20:51:10, 16.25, 2.42, 0.0
2018-09-20T20:52:11, 16.312, 2.46, 0.0
2018-09-20T20:53:12, 16.25, 2.27, 0.28
2018-09-20T20:54:13, 16.312, 2.31, 0.0
2018-09-20T20:55:14, 16.312, 2.78, 0.0
2018-09-20T20:56:15, 16.312, 2.46, 0.0
2018-09-20T20:57:16, 16.312, 2.19, 0.0
2018-09-20T20:58:17, 16.375, 3.11, 0.0
2018-09-20T20:59:18, 16.312, 2.31, 0.0
2018-09-20T21:00:19, 16.375, 2.97, 0.0
2018-09-20T21:01:20, 16.375, 3.29, 0.0
2018-09-20T21:02:21, 16.312, 2.62, 0.0
2018-09-20T21:03:22, 16.312, 2.84, 0.28
2018-09-20T21:04:23, 16.312, 2.19, 0.0
2018-09-20T21:05:24, 16.312, 3.15, 0.0
2018-09-20T21:06:25, 16.312, 2.64, 0.0
2018-09-20T21:07:26, 16.25, 2.68, 0.0
2018-09-20T21:08:27, 16.25, 3.49, 0.0
2018-09-20T21:09:28, 16.25, 2.76, 0.0
2018-09-20T21:10:29, 16.25, 3.31, 0.0
2018-09-20T21:11:30, 16.187, 2.91, 0.0
2018-09-20T21:12:31, 16.25, 3.62, 0.28
2018-09-20T21:13:32, 16.25, 2.91, 0.0
2018-09-20T21:14:32, 16.187, 3.21, 0.0
2018-09-20T21:15:33, 16.187, 2.8, 0.0
2018-09-20T21:16:35, 16.187, 2.96, 0.0
2018-09-20T21:17:36, 16.125, 3.15, 0.0
2018-09-20T21:18:37, 16.062, 3.15, 0.0
2018-09-20T21:19:38, 16.062, 3.25, 0.0
2018-09-20T21:20:39, 16.062, 2.98, 0.0
2018-09-20T21:21:40, 16.062, 2.99, 0.0
2018-09-20T21:22:41, 16.0, 2.34, 0.0
2018-09-20T21:23:42, 16.0, 3.29, 0.0
2018-09-20T21:24:43, 16.0, 2.66, 0.0
2018-09-20T21:25:44, 16.0, 2.36, 0.0
2018-09-20T21:26:45, 16.062, 3.53, 0.0
2018-09-20T21:27:46, 16.062, 3.63, 0.0
2018-09-20T21:28:47, 16.062, 3.27, 0.0
2018-09-20T21:29:48, 16.0, 2.38, 0.0
2018-09-20T21:30:49, 15.937000000000001, 2.31, 0.0
2018-09-20T21:31:50, 16.0, 2.98, 0.0
2018-09-20T21:32:50, 16.0, 2.76, 0.0
2018-09-20T21:33:51, 16.062, 2.98, 0.0
2018-09-20T21:34:52, 16.062, 2.95, 0.0
2018-09-20T21:35:53, 16.125, 3.15, 0.0
2018-09-20T21:36:54, 16.125, 3.53, 0.0
2018-09-20T21:37:56, 16.125, 3.72, 0.0
2018-09-20T21:38:58, 16.062, 2.87, 0.0
2018-09-20T21:39:59, 16.062, 3.19, 0.0
2018-09-20T21:41:00, 16.062, 2.66, 0.0
2018-09-20T21:42:01, 16.0, 2.26, 0.0
2018-09-20T21:43:02, 16.062, 2.9, 0.0
2018-09-20T21:44:03, 16.062, 2.95, 0.0
2018-09-20T21:45:04, 16.0, 2.3, 0.28
2018-09-20T21:46:05, 16.0, 2.35, 0.0
2018-09-20T21:47:06, 16.0, 2.44, 0.0
2018-09-20T21:48:06, 16.0, 3.06, 0.0
2018-09-20T21:49:07, 16.0, 2.64, 0.0
2018-09-20T21:50:08, 16.0, 2.68, 0.0
2018-09-20T21:51:09, 16.0, 3.02, 0.0
2018-09-20T21:52:10, 16.0, 2.64, 0.0
2018-09-20T21:53:11, 16.0, 2.29, 0.0
2018-09-20T21:54:12, 15.937000000000001, 1.97, 0.28
2018-09-20T21:55:13, 16.0, 3.19, 0.0
2018-09-20T21:56:14, 16.0, 2.32, 0.28
2018-09-20T21:57:15, 16.0, 1.97, 0.28
2018-09-20T21:58:16, 16.0, 1.85, 0.0
2018-09-20T21:59:17, 16.062, 2.56, 0.28
2018-09-20T22:00:18, 16.0, 2.28, 0.0
2018-09-20T22:01:19, 16.0, 1.93, 0.28
2018-09-20T22:02:20, 16.0, 1.67, 0.0
2018-09-20T22:03:21, 16.0, 1.87, 0.28
2018-09-20T22:04:22, 16.0, 1.87, 0.0
2018-09-20T22:05:23, 16.0, 2.25, 0.0
2018-09-20T22:06:24, 16.0, 1.75, 0.0
2018-09-20T22:07:24, 16.0, 2.05, 0.28
2018-09-20T22:08:25, 16.0, 1.24, 0.0
2018-09-20T22:09:26, 16.062, 1.58, 0.0
2018-09-20T22:10:27, 16.062, 1.52, 0.28
2018-09-20T22:11:28, 16.0, 0.87, 0.0
2018-09-20T22:12:29, 16.062, 0.79, 0.28
2018-09-20T22:13:30, 16.062, 1.87, 0.0
2018-09-20T22:14:32, 16.062, 2.31, 0.28
2018-09-20T22:15:33, 16.0, 0.78, 0.28
2018-09-20T22:16:34, 16.062, 1.22, 0.0
2018-09-20T22:17:35, 16.062, 2.31, 0.28
2018-09-20T22:18:36, 16.125, 2.4, 0.0
2018-09-20T22:19:37, 16.125, 1.42, 0.0
2018-09-20T22:20:38, 16.125, 1.83, 0.0
2018-09-20T22:21:39, 16.125, 1.52, 0.0
2018-09-20T22:22:40, 16.125, 3.88, 0.0
2018-09-20T22:23:41, 16.062, 2.7, 0.0
2018-09-20T22:24:42, 16.0, 2.33, 0.0
2018-09-20T22:25:43, 16.0, 2.64, 0.0
2018-09-20T22:26:44, 16.0, 1.85, 0.0
2018-09-20T22:27:44, 15.937000000000001, 2.97, 0.0
2018-09-20T22:28:45, 15.875, 1.48, 0.0
2018-09-20T22:29:46, 15.875, 2.09, 0.0
2018-09-20T22:30:47, 15.812000000000001, 2.42, 0.0
2018-09-20T22:31:48, 15.75, 2.05, 0.0
2018-09-20T22:32:49, 15.687000000000001, 1.36, 0.0
2018-09-20T22:33:50, 15.687000000000001, 1.44, 0.0
2018-09-20T22:34:51, 15.562000000000001, 2.37, 0.0
2018-09-20T22:35:52, 15.5, 2.01, 0.0
2018-09-20T22:36:53, 15.437000000000001, 2.29, 0.0
2018-09-20T22:37:54, 15.375, 2.42, 0.0
2018-09-20T22:38:55, 15.312000000000001, 2.48, 0.0
2018-09-20T22:39:56, 15.25, 2.17, 0.0
2018-09-20T22:40:57, 15.25, 2.44, 0.0
2018-09-20T22:41:58, 15.25, 2.29, 0.0
2018-09-20T22:42:59, 15.25, 1.44, 0.0
2018-09-20T22:44:00, 15.187000000000001, 1.77, 0.0
2018-09-20T22:45:01, 15.187000000000001, 2.44, 0.0
2018-09-20T22:46:02, 15.187000000000001, 2.17, 0.0
2018-09-20T22:47:03, 15.125, 2.38, 0.0
2018-09-20T22:48:04, 15.062000000000001, 1.02, 0.0
2018-09-20T22:49:05, 15.0, 1.48, 0.0
2018-09-20T22:50:06, 15.0, 1.75, 0.0
2018-09-20T22:51:06, 14.937000000000001, 2.37, 0.0
2018-09-20T22:52:07, 14.75, 3.35, 0.0
2018-09-20T22:53:08, 14.625, 2.92, 0.0
2018-09-20T22:54:09, 14.562000000000001, 1.85, 0.0
2018-09-20T22:55:10, 14.5, 2.46, 0.0
2018-09-20T22:56:11, 14.375, 1.77, 0.0
2018-09-20T22:57:13, 14.312000000000001, 1.42, 0.0
2018-09-20T22:58:14, 14.25, 1.86, 0.0
2018-09-20T22:59:15, 14.187000000000001, 1.26, 0.0
2018-09-20T23:00:16, 14.125, 2.11, 0.0
2018-09-20T23:01:17, 14.062000000000001, 1.95, 0.0
2018-09-20T23:02:18, 14.062000000000001, 1.74, 0.0
2018-09-20T23:03:19, 14.062000000000001, 1.71, 0.0
2018-09-20T23:04:20, 14.0, 1.38, 0.0
2018-09-20T23:05:21, 14.0, 1.71, 0.0
2018-09-20T23:06:22, 13.937000000000001, 2.74, 0.0
2018-09-20T23:07:23, 13.875, 1.66, 0.0
2018-09-20T23:08:23, 13.875, 1.99, 0.0
2018-09-20T23:09:24, 13.875, 2.35, 0.0
2018-09-20T23:10:25, 13.812000000000001, 1.85, 0.0
2018-09-20T23:11:26, 13.812000000000001, 1.46, 0.0
2018-09-20T23:12:27, 13.812000000000001, 2.45, 0.0
2018-09-20T23:13:28, 13.75, 1.5, 0.0
2018-09-20T23:14:29, 13.812000000000001, 2.05, 0.0
2018-09-20T23:15:31, 13.875, 2.21, 0.0
2018-09-20T23:16:32, 13.75, 0.99, 0.0
2018-09-20T23:17:33, 13.75, 1.79, 0.0
2018-09-20T23:18:34, 13.75, 1.83, 0.0
2018-09-20T23:19:35, 13.625, 1.08, 0.0
2018-09-20T23:20:36, 13.562000000000001, 1.28, 0.0
2018-09-20T23:21:37, 13.562000000000001, 1.95, 0.0
2018-09-20T23:22:38, 13.437000000000001, 2.32, 0.0
2018-09-20T23:23:39, 13.375, 1.77, 0.0
2018-09-20T23:24:40, 13.25, 0.79, 0.0
2018-09-20T23:25:41, 13.187, 1.38, 0.0
2018-09-20T23:26:42, 13.062, 1.4, 0.0
2018-09-20T23:27:42, 12.937, 1.85, 0.0
2018-09-20T23:28:43, 12.812, 2.23, 0.0
2018-09-20T23:29:44, 12.687, 1.69, 0.0
2018-09-20T23:30:45, 12.625, 1.65, 0.0
2018-09-20T23:31:46, 12.5, 1.83, 0.0
2018-09-20T23:32:47, 12.437, 2.5, 0.0
2018-09-20T23:33:48, 12.375, 2.21, 0.0
2018-09-20T23:34:49, 12.437, 2.74, 0.0
2018-09-20T23:35:50, 12.312, 0.89, 0.0
2018-09-20T23:36:51, 12.187, 1.48, 0.0
2018-09-20T23:37:52, 12.25, 2.13, 0.0
2018-09-20T23:38:53, 12.187, 1.28, 0.0
2018-09-20T23:39:54, 12.187, 1.93, 0.0
2018-09-20T23:40:55, 12.187, 1.58, 0.0
2018-09-20T23:41:56, 12.125, 1.44, 0.0
2018-09-20T23:42:57, 12.125, 2.03, 0.0
2018-09-20T23:43:58, 12.125, 1.67, 0.0
2018-09-20T23:44:59, 12.0, 0.85, 0.0
2018-09-20T23:46:00, 12.0, 1.75, 0.0
2018-09-20T23:47:01, 12.0, 1.5, 0.0
2018-09-20T23:48:02, 11.937, 1.14, 0.0
2018-09-20T23:49:03, 11.937, 1.89, 0.0
2018-09-20T23:50:04, 11.937, 1.18, 0.0
2018-09-20T23:51:04, 11.812, 0.53, 0.0
2018-09-20T23:52:05, 11.937, 1.14, 0.0
2018-09-20T23:53:06, 11.875, 0.53, 0.0
2018-09-20T23:54:07, 12.0, 1.85, 0.0
2018-09-20T23:55:08, 12.062, 1.12, 0.0
2018-09-20T23:56:09, 12.062, 1.67, 0.0
2018-09-20T23:57:10, 12.125, 2.4, 0.0
2018-09-20T23:58:11, 12.125, 2.25, 0.0
2018-09-20T23:59:12, 12.0, 2.11, 0.0
2018-09-21T00:00:13, 12.0, 3.04, 0.0
2018-09-21T00:01:14, 11.875, 1.58, 0.0
2018-09-21T00:02:15, 11.75, 2.01, 0.0
2018-09-21T00:03:16, 11.75, 1.62, 0.0
2018-09-21T00:04:17, 11.75, 1.66, 0.0
2018-09-21T00:05:18, 11.75, 1.54, 0.0
2018-09-21T00:06:19, 11.687, 0.75, 0.0
2018-09-21T00:07:20, 11.625, 0.89, 0.0
2018-09-21T00:08:21, 11.562, 1.28, 0.0
2018-09-21T00:09:22, 11.625, 1.2, 0.0
2018-09-21T00:10:23, 11.687, 1.69, 0.0
2018-09-21T00:11:25, 11.562, 1.58, 0.0
2018-09-21T00:12:26, 11.625, 1.05, 0.0
2018-09-21T00:13:26, 11.687, 2.23, 0.0
2018-09-21T00:14:27, 11.75, 1.64, 0.0
2018-09-21T00:15:28, 11.75, 1.08, 0.0
2018-09-21T00:16:29, 11.75, 1.4, 0.0
2018-09-21T00:17:30, 11.687, 1.2, 0.0
2018-09-21T00:18:31, 11.687, 2.01, 0.0
2018-09-21T00:19:32, 11.687, 1.06, 0.0
2018-09-21T00:20:33, 11.75, 2.27, 0.0
2018-09-21T00:21:34, 11.75, 1.61, 0.0
2018-09-21T00:22:35, 11.625, 0.26, 0.0
2018-09-21T00:23:36, 11.5, 1.26, 0.0
2018-09-21T00:24:37, 11.562, 2.7, 0.28
2018-09-21T00:25:38, 11.562, 2.84, 0.0
2018-09-21T00:26:39, 11.562, 1.67, 0.0
2018-09-21T00:27:40, 11.562, 1.42, 0.0
2018-09-21T00:28:41, 11.562, 1.65, 0.0
2018-09-21T00:29:42, 11.75, 2.7, 0.0
2018-09-21T00:30:43, 11.625, 1.16, 0.0
2018-09-21T00:31:44, 11.5, 1.6, 0.0
2018-09-21T00:32:44, 11.5, 1.22, 0.0
2018-09-21T00:33:45, 11.5, 0.57, 0.0
2018-09-21T00:34:46, 11.5, 1.2, 0.0
2018-09-21T00:35:47, 11.5, 1.68, 0.0
2018-09-21T00:36:48, 11.437, 1.3, 0.0
2018-09-21T00:37:49, 11.437, 1.16, 0.0
2018-09-21T00:38:50, 11.375, 0.79, 0.0
2018-09-21T00:39:51, 11.375, 0.83, 0.0
2018-09-21T00:40:52, 11.375, 1.12, 0.0
2018-09-21T00:41:53, 11.5, 2.82, 0.0
2018-09-21T00:42:54, 11.437, 1.85, 0.0
2018-09-21T00:43:55, 11.437, 1.58, 0.0
2018-09-21T00:44:56, 11.312, 1.5, 0.0
2018-09-21T00:45:57, 11.312, 1.52, 0.0
2018-09-21T00:46:58, 11.312, 0.93, 0.0
2018-09-21T00:47:59, 11.25, 1.0, 0.0
2018-09-21T00:49:00, 11.437, 2.58, 0.0
2018-09-21T00:50:01, 11.437, 2.29, 0.0
2018-09-21T00:51:02, 11.375, 1.44, 0.0
2018-09-21T00:52:03, 11.375, 1.52, 0.0
2018-09-21T00:53:04, 11.25, 1.81, 0.0
2018-09-21T00:54:04, 11.25, 2.7, 0.0
2018-09-21T00:55:05, 11.125, 1.14, 0.0
2018-09-21T00:56:06, 11.062, 1.42, 0.0
2018-09-21T00:57:07, 11.187, 1.52, 0.0
2018-09-21T00:58:08, 11.187, 2.34, 0.0
2018-09-21T00:59:09, 11.25, 2.48, 0.0
2018-09-21T01:00:10, 11.125, 0.73, 0.0
2018-09-21T01:01:11, 11.125, 0.98, 0.0
2018-09-21T01:02:12, 11.125, 1.08, 0.0
2018-09-21T01:03:13, 11.062, 0.75, 0.0
2018-09-21T01:04:14, 11.0, 0.35, 0.0
2018-09-21T01:05:15, 10.937, 1.02, 0.0
2018-09-21T01:06:16, 10.75, 0.51, 0.0
2018-09-21T01:07:17, 10.75, 1.2, 0.0
2018-09-21T01:08:18, 10.75, 1.38, 0.0
2018-09-21T01:09:19, 10.625, 0.75, 0.0
2018-09-21T01:10:20, 10.812, 1.87, 0.0
2018-09-21T01:11:21, 10.812, 1.26, 0.0
2018-09-21T01:12:22, 10.812, 1.2, 0.0
2018-09-21T01:13:23, 10.812, 1.73, 0.0
2018-09-21T01:14:24, 10.75, 1.12, 0.0
2018-09-21T01:15:25, 10.75, 1.08, 0.0
2018-09-21T01:16:26, 10.875, 1.46, 0.0
2018-09-21T01:17:27, 10.875, 1.5, 0.0
2018-09-21T01:18:28, 10.875, 1.52, 0.0
2018-09-21T01:19:28, 10.875, 1.36, 0.0
2018-09-21T01:20:29, 10.812, 1.04, 0.0
2018-09-21T01:21:30, 10.75, 0.35, 0.0
2018-09-21T01:22:31, 10.687, 0.69, 0.0
2018-09-21T01:23:32, 10.562, 1.08, 0.0
2018-09-21T01:24:33, 10.625, 0.81, 0.0
2018-09-21T01:25:34, 10.75, 1.52, 0.0
2018-09-21T01:26:35, 10.687, 1.38, 0.0
2018-09-21T01:27:36, 10.75, 1.24, 0.0
2018-09-21T01:28:37, 10.75, 1.12, 0.0
2018-09-21T01:29:38, 10.75, 1.42, 0.0
2018-09-21T01:30:39, 10.75, 1.48, 0.0
2018-09-21T01:31:40, 10.75, 1.22, 0.0
2018-09-21T01:32:41, 10.75, 1.12, 0.0
2018-09-21T01:33:42, 10.75, 0.87, 0.0
2018-09-21T01:34:43, 10.625, 0.85, 0.0
2018-09-21T01:35:44, 10.75, 1.81, 0.0
2018-09-21T01:36:45, 10.75, 1.42, 0.0
2018-09-21T01:37:46, 10.75, 1.38, 0.0
2018-09-21T01:38:47, 10.75, 1.71, 0.0
2018-09-21T01:39:48, 10.812, 1.34, 0.0
2018-09-21T01:40:49, 10.812, 2.07, 0.0
2018-09-21T01:41:50, 10.75, 0.99, 0.0
2018-09-21T01:42:51, 10.937, 2.94, 0.0
2018-09-21T01:43:52, 10.875, 1.52, 0.0
2018-09-21T01:44:52, 10.812, 1.24, 0.0
2018-09-21T01:45:53, 10.625, 0.81, 0.0
2018-09-21T01:46:54, 10.562, 0.69, 0.0
2018-09-21T01:47:55, 10.687, 1.87, 0.0
2018-09-21T01:48:56, 10.75, 0.75, 0.0
2018-09-21T01:49:57, 10.687, 0.39, 0.0
2018-09-21T01:50:58, 10.75, 1.81, 0.0
2018-09-21T01:51:59, 10.75, 0.61, 0.0
2018-09-21T01:53:00, 10.75, 0.87, 0.0
2018-09-21T01:54:01, 10.812, 1.1, 0.0
2018-09-21T01:55:02, 10.875, 1.4, 0.0
2018-09-21T01:56:03, 10.812, 1.34, 0.0
2018-09-21T01:57:04, 10.937, 1.44, 0.0
2018-09-21T01:58:05, 10.812, 1.36, 0.0
2018-09-21T01:59:06, 10.875, 1.38, 0.0
2018-09-21T02:00:07, 10.812, 0.45, 0.0
2018-09-21T02:01:08, 10.812, 0.47, 0.0
2018-09-21T02:02:09, 10.812, 1.06, 0.0
2018-09-21T02:03:10, 10.875, 0.85, 0.0
2018-09-21T02:04:11, 10.937, 1.18, 0.0
2018-09-21T02:05:12, 10.875, 1.65, 0.0
2018-09-21T02:06:13, 10.625, 2.07, 0.0
2018-09-21T02:07:14, 10.625, 2.4, 0.0
2018-09-21T02:08:15, 10.625, 2.56, 0.0
2018-09-21T02:09:16, 10.625, 3.88, 0.0
2018-09-21T02:10:16, 10.625, 3.45, 0.0
2018-09-21T02:11:17, 10.562, 3.19, 0.0
2018-09-21T02:12:18, 10.437, 2.34, 0.0
2018-09-21T02:13:19, 10.437, 1.44, 0.0
2018-09-21T02:14:20, 10.437, 1.22, 0.0
2018-09-21T02:15:21, 10.5, 1.56, 0.0
2018-09-21T02:16:22, 10.5, 2.4, 0.0
2018-09-21T02:17:23, 10.5, 2.34, 0.0
2018-09-21T02:18:24, 10.5, 2.44, 0.0
2018-09-21T02:19:25, 10.5, 2.74, 0.0
2018-09-21T02:20:26, 10.437, 2.54, 0.0
2018-09-21T02:21:27, 10.375, 2.25, 0.0
2018-09-21T02:22:28, 10.312, 2.21, 0.0
2018-09-21T02:23:29, 10.25, 2.19, 0.0
2018-09-21T02:24:30, 10.25, 3.03, 0.0
2018-09-21T02:25:31, 10.187, 2.74, 0.0
2018-09-21T02:26:32, 10.187, 1.75, 0.0
2018-09-21T02:27:33, 10.187, 1.81, 0.0
2018-09-21T02:28:34, 10.187, 1.26, 0.0
2018-09-21T02:29:35, 10.125, 1.28, 0.0
2018-09-21T02:30:36, 10.125, 1.1, 0.0
2018-09-21T02:31:37, 10.125, 1.93, 0.0
2018-09-21T02:32:38, 10.062, 1.5, 0.0
2018-09-21T02:33:39, 10.062, 1.44, 0.0
2018-09-21T02:34:40, 10.0, 1.38, 0.0
2018-09-21T02:35:40, 9.875, 0.93, 0.0
2018-09-21T02:36:41, 9.875, 1.38, 0.0
2018-09-21T02:37:42, 9.937, 2.5, 0.0
2018-09-21T02:38:43, 9.937, 2.05, 0.0
2018-09-21T02:39:44, 9.875, 1.83, 0.0
2018-09-21T02:40:45, 9.875, 0.87, 0.0
2018-09-21T02:41:46, 9.937, 2.03, 0.0
2018-09-21T02:42:47, 10.062, 1.89, 0.0
2018-09-21T02:43:48, 10.062, 1.44, 0.0
2018-09-21T02:44:49, 10.125, 2.52, 0.0
2018-09-21T02:45:50, 10.125, 1.65, 0.0
2018-09-21T02:46:51, 10.062, 1.56, 0.0
2018-09-21T02:47:52, 10.062, 1.48, 0.0
2018-09-21T02:48:53, 10.0, 1.26, 0.0
2018-09-21T02:49:54, 10.062, 2.21, 0.0
2018-09-21T02:50:55, 10.062, 1.5, 0.0
2018-09-21T02:51:56, 10.062, 1.64, 0.0
2018-09-21T02:52:57, 10.125, 2.6, 0.0
2018-09-21T02:53:58, 10.25, 2.8, 0.0
2018-09-21T02:54:59, 10.25, 2.7, 0.0
2018-09-21T02:55:59, 10.312, 2.68, 0.0
2018-09-21T02:57:00, 10.375, 2.27, 0.0
2018-09-21T02:58:01, 10.187, 2.76, 0.0
2018-09-21T02:59:02, 10.0, 4.06, 0.0
2018-09-21T03:00:03, 9.875, 1.89, 0.0
2018-09-21T03:01:04, 9.812, 1.85, 0.0
2018-09-21T03:02:05, 9.75, 1.77, 0.0
2018-09-21T03:03:06, 9.812, 2.66, 0.0
2018-09-21T03:04:07, 9.75, 1.12, 0.0
2018-09-21T03:05:08, 9.875, 1.64, 0.0
2018-09-21T03:06:09, 9.875, 0.98, 0.0
2018-09-21T03:07:10, 9.875, 1.02, 0.0
2018-09-21T03:08:11, 9.812, 1.69, 0.0
2018-09-21T03:09:12, 9.812, 2.3, 0.0
2018-09-21T03:10:13, 9.75, 1.66, 0.0
2018-09-21T03:11:14, 9.625, 1.81, 0.0
2018-09-21T03:12:15, 9.5, 1.14, 0.0
2018-09-21T03:13:16, 9.437, 1.95, 0.0
2018-09-21T03:14:17, 9.437, 3.47, 0.0
2018-09-21T03:15:18, 9.375, 2.42, 0.0
2018-09-21T03:16:19, 9.312, 2.38, 0.0
2018-09-21T03:17:20, 9.187, 2.35, 0.0
2018-09-21T03:18:20, 9.125, 2.54, 0.0
2018-09-21T03:19:21, 9.062, 3.19, 0.0
2018-09-21T03:20:22, 9.0, 4.45, 0.0
2018-09-21T03:21:23, 8.875, 1.71, 0.0
2018-09-21T03:22:24, 8.812, 2.23, 0.0
2018-09-21T03:23:25, 8.75, 1.75, 0.0
2018-09-21T03:24:26, 8.687, 1.42, 0.0
2018-09-21T03:25:27, 8.75, 2.66, 0.0
2018-09-21T03:26:28, 8.75, 2.66, 0.0
2018-09-21T03:27:29, 8.75, 2.64, 0.0
2018-09-21T03:28:30, 8.687, 2.4, 0.0
2018-09-21T03:29:31, 8.75, 3.31, 0.0
2018-09-21T03:30:32, 8.687, 3.59, 0.0
2018-09-21T03:31:33, 8.625, 2.72, 0.0
2018-09-21T03:32:34, 8.5, 2.34, 0.0
2018-09-21T03:33:35, 8.5, 3.27, 0.0
2018-09-21T03:34:36, 8.437, 1.65, 0.0
2018-09-21T03:35:37, 8.5, 2.45, 0.0
2018-09-21T03:36:37, 8.5, 2.37, 0.0
2018-09-21T03:37:38, 8.562, 2.54, 0.0
2018-09-21T03:38:39, 8.562, 2.09, 0.0
2018-09-21T03:39:40, 8.562, 2.7, 0.0
2018-09-21T03:40:41, 8.562, 2.17, 0.0
2018-09-21T03:41:42, 8.625, 2.47, 0.0
2018-09-21T03:42:43, 8.562, 2.23, 0.0
2018-09-21T03:43:44, 8.562, 1.32, 0.0
2018-09-21T03:44:45, 8.562, 1.24, 0.0
2018-09-21T03:45:46, 8.562, 1.79, 0.0
2018-09-21T03:46:47, 8.625, 2.57, 0.0
2018-09-21T03:47:48, 8.625, 1.81, 0.0
2018-09-21T03:48:49, 8.562, 1.6, 0.0
2018-09-21T03:49:52, 8.562, 1.22, 0.0
2018-09-21T03:50:52, 8.5, 1.32, 0.0
2018-09-21T03:51:53, 8.562, 1.44, 0.0
2018-09-21T03:52:54, 8.562, 1.95, 0.0
2018-09-21T03:53:55, 8.5, 1.42, 0.0
2018-09-21T03:54:56, 8.562, 1.83, 0.0
2018-09-21T03:55:57, 8.625, 2.21, 0.0
2018-09-21T03:56:58, 8.562, 1.67, 0.0
2018-09-21T03:57:59, 8.625, 1.69, 0.0
2018-09-21T03:59:00, 8.562, 1.79, 0.0
2018-09-21T04:00:01, 8.625, 1.42, 0.0
2018-09-21T04:01:02, 8.625, 2.05, 0.0
2018-09-21T04:02:03, 8.625, 2.11, 0.0
2018-09-21T04:03:04, 8.625, 2.29, 0.0
2018-09-21T04:04:05, 8.625, 2.44, 0.0
2018-09-21T04:05:06, 8.687, 3.25, 0.0
2018-09-21T04:06:07, 8.687, 2.64, 0.0
2018-09-21T04:07:08, 8.687, 1.93, 0.0
2018-09-21T04:08:09, 8.75, 2.11, 0.0
2018-09-21T04:09:10, 8.687, 1.99, 0.0
2018-09-21T04:10:11, 8.687, 1.79, 0.0
2018-09-21T04:11:12, 8.687, 1.48, 0.0
2018-09-21T04:12:13, 8.75, 2.42, 0.0
2018-09-21T04:13:14, 8.812, 2.03, 0.0
2018-09-21T04:14:15, 8.812, 3.12, 0.0
2018-09-21T04:15:16, 8.812, 2.99, 0.0
2018-09-21T04:16:16, 8.812, 2.19, 0.0
2018-09-21T04:17:17, 8.75, 2.84, 0.0
2018-09-21T04:18:18, 8.75, 1.89, 0.0
2018-09-21T04:19:19, 8.687, 1.83, 0.0
2018-09-21T04:20:20, 8.75, 1.85, 0.0
2018-09-21T04:21:21, 8.75, 2.42, 0.0
2018-09-21T04:22:22, 8.687, 2.52, 0.0
2018-09-21T04:23:23, 8.687, 2.74, 0.0
2018-09-21T04:24:24, 8.687, 1.75, 0.0
2018-09-21T04:25:25, 8.625, 1.97, 0.0
2018-09-21T04:26:26, 8.562, 1.66, 0.0
2018-09-21T04:27:27, 8.625, 1.95, 0.0
2018-09-21T04:28:28, 8.687, 1.89, 0.0
2018-09-21T04:29:29, 8.625, 1.48, 0.0
2018-09-21T04:30:30, 8.562, 0.87, 0.0
2018-09-21T04:31:31, 8.562, 1.42, 0.0
2018-09-21T04:32:32, 8.437, 0.53, 0.0
2018-09-21T04:33:33, 8.375, 0.83, 0.0
2018-09-21T04:34:34, 8.5, 1.24, 0.0
2018-09-21T04:35:35, 8.562, 1.69, 0.0
2018-09-21T04:36:36, 8.625, 1.64, 0.0
2018-09-21T04:37:37, 8.812, 3.05, 0.0
2018-09-21T04:38:38, 8.75, 2.39, 0.0
2018-09-21T04:39:39, 8.812, 2.34, 0.0
2018-09-21T04:40:40, 8.937, 3.45, 0.0
2018-09-21T04:41:40, 8.875, 2.29, 0.0
2018-09-21T04:42:41, 8.875, 2.05, 0.0
2018-09-21T04:43:42, 8.812, 1.24, 0.0
2018-09-21T04:44:43, 8.75, 1.95, 0.0
2018-09-21T04:45:44, 8.75, 1.72, 0.0
2018-09-21T04:46:45, 8.687, 1.46, 0.0
2018-09-21T04:47:46, 8.625, 1.14, 0.0
2018-09-21T04:48:47, 8.562, 1.52, 0.0
2018-09-21T04:49:48, 8.687, 2.31, 0.0
2018-09-21T04:50:49, 8.625, 2.13, 0.0
2018-09-21T04:51:50, 8.625, 1.71, 0.0
2018-09-21T04:52:51, 8.812, 3.13, 0.0
2018-09-21T04:53:52, 8.687, 1.36, 0.0
2018-09-21T04:54:53, 8.875, 3.21, 0.0
2018-09-21T04:55:54, 8.687, 1.08, 0.0
2018-09-21T04:56:55, 8.625, 1.2, 0.0
2018-09-21T04:57:56, 8.687, 1.54, 0.0
2018-09-21T04:58:57, 8.687, 0.91, 0.0
2018-09-21T04:59:58, 8.687, 1.32, 0.0
2018-09-21T05:00:59, 8.562, 1.0, 0.0
2018-09-21T05:02:00, 8.625, 1.52, 0.0
2018-09-21T05:03:01, 8.75, 1.5, 0.0
2018-09-21T05:04:02, 8.687, 1.34, 0.0
2018-09-21T05:05:03, 8.812, 1.99, 0.0
2018-09-21T05:06:04, 8.75, 1.12, 0.0
2018-09-21T05:07:04, 8.625, 0.77, 0.0
2018-09-21T05:08:05, 8.5, 0.98, 0.0
2018-09-21T05:09:06, 8.562, 1.24, 0.0
2018-09-21T05:10:07, 8.375, 0.26, 0.0
2018-09-21T05:11:08, 8.375, 0.49, 0.0
2018-09-21T05:12:09, 8.25, 0.49, 0.0
2018-09-21T05:13:10, 8.312, 0.28, 0.0
2018-09-21T05:14:11, 8.375, 0.75, 0.0
2018-09-21T05:15:12, 8.312, 0.08, 0.0
2018-09-21T05:16:13, 8.437, 0.39, 0.0
2018-09-21T05:17:14, 8.375, 0.04, 0.0
2018-09-21T05:18:15, 8.312, 0.39, 0.0
2018-09-21T05:19:16, 8.187, 0.26, 0.0
2018-09-21T05:20:17, 8.187, 0.2, 0.0
2018-09-21T05:21:18, 8.437, 1.24, 0.0
2018-09-21T05:22:19, 8.5, 1.18, 0.0
2018-09-21T05:23:20, 8.5, 0.57, 0.0
2018-09-21T05:24:21, 8.5, 0.71, 0.0
2018-09-21T05:25:22, 8.5, 0.51, 0.0
2018-09-21T05:26:23, 8.437, 0.26, 0.0
2018-09-21T05:27:24, 8.437, 0.55, 0.0
2018-09-21T05:28:25, 8.375, 0.45, 0.0
2018-09-21T05:29:26, 8.5, 0.89, 0.0
2018-09-21T05:30:27, 8.437, 0.75, 0.0
2018-09-21T05:31:28, 8.375, 0.59, 0.0
2018-09-21T05:32:28, 8.562, 1.48, 0.0
2018-09-21T05:33:29, 8.562, 1.32, 0.0
2018-09-21T05:34:30, 8.562, 0.39, 0.0
2018-09-21T05:35:31, 8.437, 0.24, 0.0
2018-09-21T05:36:32, 8.312, 0.33, 0.0
2018-09-21T05:37:33, 8.375, 0.69, 0.0
2018-09-21T05:38:34, 8.312, 0.32, 0.0
2018-09-21T05:39:35, 8.25, 0.26, 0.0
2018-09-21T05:40:36, 8.187, 0.26, 0.0
2018-09-21T05:41:37, 8.25, 0.57, 0.0
2018-09-21T05:42:38, 8.187, 0.12, 0.0
2018-09-21T05:43:39, 8.062, 0.02, 0.0
2018-09-21T05:44:40, 8.0, 0.33, 0.0
2018-09-21T05:45:41, 7.937, 0.2, 0.0
2018-09-21T05:46:42, 7.875, 0.06, 0.0
2018-09-21T05:47:43, 7.875, 0.22, 0.0
2018-09-21T05:48:44, 8.25, 1.2, 0.0
2018-09-21T05:49:45, 8.625, 1.89, 0.0
2018-09-21T05:50:46, 8.437, 0.75, 0.0
2018-09-21T05:51:46, 8.25, 0.57, 0.0
2018-09-21T05:52:47, 8.187, 0.93, 0.0
2018-09-21T05:53:48, 8.125, 0.87, 0.0
2018-09-21T05:54:49, 8.062, 0.55, 0.0
2018-09-21T05:55:50, 7.937, 0.32, 0.0
2018-09-21T05:56:51, 8.062, 1.34, 0.0
2018-09-21T05:57:52, 8.062, 0.57, 0.0
2018-09-21T05:58:53, 8.0, 0.83, 0.0
2018-09-21T05:59:54, 7.937, 0.22, 0.0
2018-09-21T06:00:55, 7.812, 0.0, 0.0
2018-09-21T06:01:56, 7.812, 0.47, 0.0
2018-09-21T06:02:57, 7.812, 0.83, 0.0
2018-09-21T06:03:58, 7.875, 0.47, 0.0
2018-09-21T06:04:59, 7.875, 0.32, 0.0
2018-09-21T06:06:00, 7.812, 0.22, 0.0
2018-09-21T06:07:01, 7.875, 0.97, 0.0
2018-09-21T06:08:02, 8.0, 0.45, 0.0
2018-09-21T06:09:03, 7.937, 0.08, 0.0
2018-09-21T06:10:04, 7.875, 0.08, 0.0
2018-09-21T06:11:05, 7.875, 0.04, 0.0
2018-09-21T06:12:06, 7.812, 0.1, 0.0
2018-09-21T06:13:07, 7.812, 0.22, 0.0
2018-09-21T06:14:08, 7.75, 0.22, 0.0
2018-09-21T06:15:09, 7.812, 0.0, 0.0
2018-09-21T06:16:10, 7.812, 0.08, 0.0
2018-09-21T06:17:10, 7.75, 0.02, 0.0
2018-09-21T06:18:11, 8.0, 1.34, 0.0
2018-09-21T06:19:12, 8.125, 0.77, 0.0
2018-09-21T06:20:13, 8.125, 0.47, 0.0
2018-09-21T06:21:14, 8.062, 0.22, 0.0
2018-09-21T06:22:15, 8.0, 0.55, 0.0
2018-09-21T06:23:16, 8.062, 0.49, 0.0
2018-09-21T06:24:17, 8.0, 0.41, 0.0
2018-09-21T06:25:18, 8.312, 1.1, 0.0
2018-09-21T06:26:19, 8.375, 1.08, 0.0
2018-09-21T06:27:20, 8.312, 0.81, 0.0
2018-09-21T06:28:21, 8.25, 1.22, 0.0
2018-09-21T06:29:22, 8.437, 1.28, 0.0
2018-09-21T06:30:23, 8.437, 0.73, 0.0
2018-09-21T06:31:24, 8.312, 0.2, 0.0
2018-09-21T06:32:25, 8.312, 0.87, 0.0
2018-09-21T06:33:26, 8.437, 0.97, 0.0
2018-09-21T06:34:27, 8.437, 1.4, 0.0
2018-09-21T06:35:28, 8.437, 0.85, 0.0
2018-09-21T06:36:29, 8.5, 1.06, 0.0
2018-09-21T06:37:30, 8.5, 0.57, 0.0
2018-09-21T06:38:30, 8.562, 1.38, 0.0
2018-09-21T06:39:31, 8.562, 0.95, 0.0
2018-09-21T06:40:32, 8.812, 2.43, 0.0
2018-09-21T06:41:33, 8.687, 1.08, 0.0
2018-09-21T06:42:34, 8.687, 0.83, 0.0
2018-09-21T06:43:35, 8.562, 0.2, 0.0
2018-09-21T06:44:36, 8.375, 0.55, 0.0
2018-09-21T06:45:37, 8.437, 1.16, 0.0
2018-09-21T06:46:38, 8.5, 0.91, 0.0
2018-09-21T06:47:39, 8.562, 1.18, 0.0
2018-09-21T06:48:40, 8.562, 0.73, 0.0
2018-09-21T06:49:41, 8.625, 0.83, 0.0
2018-09-21T06:50:42, 8.5, 0.33, 0.0
2018-09-21T06:51:43, 8.562, 0.55, 0.0
2018-09-21T06:52:44, 8.687, 1.12, 0.0
2018-09-21T06:53:45, 8.75, 1.02, 0.0
2018-09-21T06:54:46, 8.75, 1.34, 0.0
2018-09-21T06:55:47, 8.687, 0.33, 0.0
2018-09-21T06:56:48, 8.75, 1.3, 0.0
2018-09-21T06:57:49, 8.625, 0.93, 0.0
2018-09-21T06:58:50, 8.625, 1.2, 0.0
2018-09-21T06:59:51, 8.875, 2.94, 0.0
2018-09-21T07:00:52, 8.812, 1.12, 0.0
2018-09-21T07:01:52, 8.937, 1.48, 0.0
2018-09-21T07:02:53, 8.812, 0.79, 0.0
2018-09-21T07:03:54, 8.812, 1.0, 0.0
2018-09-21T07:04:55, 8.75, 0.99, 0.0
2018-09-21T07:05:56, 8.812, 1.3, 0.0
2018-09-21T07:06:57, 8.75, 0.87, 0.0
2018-09-21T07:07:58, 8.812, 1.22, 0.0
2018-09-21T07:08:59, 8.875, 1.6, 0.0
2018-09-21T07:10:00, 8.937, 0.87, 0.0
2018-09-21T07:11:01, 8.937, 1.02, 0.0
2018-09-21T07:12:02, 8.937, 0.79, 0.0
2018-09-21T07:13:03, 8.875, 0.37, 0.0
2018-09-21T07:14:04, 8.812, 0.14, 0.0
2018-09-21T07:15:05, 8.875, 0.77, 0.0
2018-09-21T07:16:06, 8.75, 0.06, 0.0
2018-09-21T07:17:07, 8.875, 0.41, 0.0
2018-09-21T07:18:08, 8.812, 0.08, 0.0
2018-09-21T07:19:09, 8.875, 0.87, 0.0
2018-09-21T07:20:10, 9.125, 0.73, 0.0
2018-09-21T07:21:11, 9.187, 1.0, 0.0
2018-09-21T07:22:12, 9.062, 1.38, 0.0
2018-09-21T07:23:12, 9.312, 1.46, 0.0
2018-09-21T07:24:13, 9.25, 0.47, 0.0
2018-09-21T07:25:14, 9.312, 1.48, 0.0
2018-09-21T07:26:15, 9.437, 1.38, 0.0
2018-09-21T07:27:16, 9.375, 1.1, 0.0
2018-09-21T07:28:17, 9.25, 0.55, 0.0
2018-09-21T07:29:18, 9.312, 1.22, 0.0
2018-09-21T07:30:19, 9.375, 0.67, 0.0
2018-09-21T07:31:20, 9.312, 0.08, 0.0
2018-09-21T07:32:21, 9.312, 0.32, 0.0
2018-09-21T07:33:22, 9.187, 0.49, 0.0
2018-09-21T07:34:23, 9.125, 0.81, 0.0
2018-09-21T07:35:24, 9.312, 1.14, 0.0
2018-09-21T07:36:25, 9.187, 0.39, 0.0
2018-09-21T07:37:26, 9.187, 0.77, 0.0
2018-09-21T07:38:27, 9.312, 1.06, 0.0
2018-09-21T07:39:28, 9.375, 1.0, 0.0
2018-09-21T07:40:29, 9.562, 0.81, 0.0
2018-09-21T07:41:30, 9.5, 0.87, 0.0
2018-09-21T07:42:31, 9.625, 1.71, 0.0
2018-09-21T07:43:32, 9.625, 1.1, 0.0
2018-09-21T07:44:33, 9.687, 1.26, 0.0
2018-09-21T07:45:34, 9.812, 0.83, 0.0
2018-09-21T07:46:34, 9.687, 1.28, 0.0
2018-09-21T07:47:35, 9.812, 1.0, 0.0
2018-09-21T07:48:36, 9.812, 0.12, 0.0
2018-09-21T07:49:37, 9.625, 0.93, 0.0
2018-09-21T07:50:38, 9.687, 1.85, 0.0
2018-09-21T07:51:39, 9.812, 1.3, 0.0
2018-09-21T07:52:40, 9.75, 0.83, 0.0
2018-09-21T07:53:41, 9.812, 0.89, 0.0
2018-09-21T07:54:42, 9.875, 1.66, 0.0
2018-09-21T07:55:43, 9.812, 0.45, 0.0
2018-09-21T07:56:44, 9.812, 1.18, 0.0
2018-09-21T07:57:45, 9.812, 0.43, 0.0
2018-09-21T07:58:46, 9.812, 0.75, 0.0
2018-09-21T07:59:47, 9.875, 1.44, 0.0
2018-09-21T08:00:48, 10.0, 1.02, 0.0
2018-09-21T08:01:49, 10.062, 0.47, 0.0
2018-09-21T08:02:50, 10.062, 0.57, 0.0
2018-09-21T08:03:51, 10.187, 1.08, 0.0
2018-09-21T08:04:52, 10.312, 0.37, 0.0
2018-09-21T08:05:53, 10.375, 0.08, 0.0
2018-09-21T08:06:54, 10.5, 0.79, 0.0
2018-09-21T08:07:55, 10.625, 1.42, 0.0
2018-09-21T08:08:56, 10.687, 1.48, 0.0
2018-09-21T08:09:57, 10.687, 1.48, 0.0
2018-09-21T08:10:58, 10.562, 1.32, 0.0
2018-09-21T08:11:58, 10.25, 1.32, 0.0
2018-09-21T08:12:59, 10.062, 2.64, 0.0
2018-09-21T08:14:00, 10.062, 1.08, 0.0
2018-09-21T08:15:01, 9.937, 1.58, 0.0
2018-09-21T08:16:02, 9.875, 0.97, 0.0
2018-09-21T08:17:03, 9.812, 1.12, 0.0
2018-09-21T08:18:04, 9.687, 1.44, 0.0
2018-09-21T08:19:05, 9.562, 0.77, 0.0
2018-09-21T08:20:06, 9.562, 1.06, 0.0
2018-09-21T08:21:07, 9.562, 0.45, 0.0
2018-09-21T08:22:08, 9.625, 0.67, 0.0
2018-09-21T08:23:09, 9.562, 0.87, 0.0
2018-09-21T08:24:10, 9.562, 0.14, 0.0
2018-09-21T08:25:11, 9.625, 0.67, 0.0
2018-09-21T08:26:12, 9.75, 1.26, 0.0
2018-09-21T08:27:13, 9.687, 0.53, 0.0
2018-09-21T08:28:14, 9.625, 0.63, 0.0
2018-09-21T08:29:15, 9.812, 1.32, 0.0
2018-09-21T08:30:16, 9.937, 1.02, 0.0
2018-09-21T08:31:17, 10.062, 1.99, 0.0
2018-09-21T08:32:18, 10.062, 1.04, 0.0
2018-09-21T08:33:19, 10.125, 0.65, 0.0
2018-09-21T08:34:20, 10.0, 0.93, 0.0
2018-09-21T08:35:21, 10.062, 0.47, 0.0
2018-09-21T08:36:22, 10.125, 0.87, 0.0
2018-09-21T08:37:22, 10.125, 0.73, 0.28
2018-09-21T08:38:23, 10.062, 0.83, 0.0
2018-09-21T08:39:24, 10.25, 1.48, 0.0
2018-09-21T08:40:25, 10.312, 0.79, 0.0
2018-09-21T08:41:26, 10.437, 1.71, 0.0
2018-09-21T08:42:27, 10.5, 1.64, 0.0
2018-09-21T08:43:28, 10.562, 1.46, 0.0
2018-09-21T08:44:29, 10.562, 1.12, 0.0
2018-09-21T08:45:30, 10.625, 1.18, 0.0
2018-09-21T08:46:31, 10.625, 0.81, 0.0
2018-09-21T08:47:32, 10.687, 1.26, 0.0
2018-09-21T08:48:33, 10.75, 1.42, 0.0
2018-09-21T08:49:34, 10.937, 1.08, 0.0
2018-09-21T08:50:35, 11.0, 0.93, 0.0
2018-09-21T08:51:36, 10.937, 1.22, 0.0
2018-09-21T08:52:37, 10.937, 1.4, 0.0
2018-09-21T08:53:38, 10.937, 1.32, 0.0
2018-09-21T08:54:39, 11.0, 1.46, 0.0
2018-09-21T08:55:40, 11.0, 1.18, 0.0
2018-09-21T08:56:41, 11.0, 1.48, 0.0
2018-09-21T08:57:42, 11.062, 0.24, 0.0
2018-09-21T08:58:43, 11.125, 0.57, 0.0
2018-09-21T08:59:44, 11.062, 0.18, 0.0
2018-09-21T09:00:45, 11.125, 0.85, 0.0
2018-09-21T09:01:46, 11.187, 1.0, 0.0
2018-09-21T09:02:46, 11.312, 0.57, 0.0
2018-09-21T09:03:47, 11.437, 0.57, 0.0
2018-09-21T09:04:48, 11.375, 0.79, 0.0
2018-09-21T09:05:49, 11.437, 0.87, 0.0
2018-09-21T09:06:50, 11.562, 0.77, 0.0
2018-09-21T09:07:51, 11.5, 1.73, 0.0
2018-09-21T09:08:52, 11.562, 0.63, 0.0
2018-09-21T09:09:53, 11.562, 0.65, 0.0
2018-09-21T09:10:54, 11.687, 0.32, 0.0
2018-09-21T09:11:55, 11.687, 1.22, 0.0
2018-09-21T09:12:56, 11.812, 0.95, 0.0
2018-09-21T09:13:57, 11.812, 1.4, 0.0
2018-09-21T09:14:58, 11.812, 1.79, 0.0
2018-09-21T09:15:59, 11.875, 2.15, 0.0
2018-09-21T09:17:00, 11.687, 0.95, 0.0
2018-09-21T09:18:01, 11.5, 1.32, 0.0
2018-09-21T09:19:02, 11.187, 1.67, 0.0
2018-09-21T09:20:03, 11.125, 1.99, 0.0
2018-09-21T09:21:04, 11.0, 1.93, 0.0
2018-09-21T09:22:05, 11.062, 1.52, 0.0
2018-09-21T09:23:06, 11.187, 1.26, 0.0
2018-09-21T09:24:07, 11.125, 1.69, 0.0
2018-09-21T09:25:08, 11.25, 1.95, 0.0
2018-09-21T09:26:09, 11.312, 1.34, 0.0
2018-09-21T09:27:10, 11.375, 1.18, 0.0
2018-09-21T09:28:10, 11.5, 0.65, 0.0
2018-09-21T09:29:11, 11.5, 1.48, 0.0
2018-09-21T09:30:12, 11.562, 1.26, 0.0
2018-09-21T09:31:13, 16.5, 2.38, 0.56
2018-09-21T09:32:14, 13.5, 2.11, 0.28
2018-09-21T09:33:15, 13.812000000000001, 2.13, 0.0
2018-09-21T09:34:16, 13.437000000000001, 3.51, 0.0
2018-09-21T09:35:17, 13.5, 3.81, 0.0
2018-09-21T09:36:18, 13.125, 3.76, 0.0
2018-09-21T09:37:19, 13.0, 2.05, 0.0
2018-09-21T09:38:20, 13.25, 2.01, 0.56
2018-09-21T09:39:21, 13.437000000000001, 1.46, 0.28
