Pi weather station data from codename summer, initialised Sun Sep 25 21:16:38 2022
Format YYYY-MM-DDTHH:MM:SS, Temperature [degC], Wind speed [km/h], Rainfall [mm]
Temperature is instantaneous, wind speed is averaged since previous measurement,
rainfall is accumulated since previous measurement.

time,temperature_degC,wind_speed_km/h,rainfall_mm
2022-09-25T21:16:39, 22.3125, 0.0, 0.0
2022-09-25T21:17:40, 22.3125, 0.04, 0.28
2022-09-25T21:18:41, 22.3125, 0.0, 0.0
2022-09-25T21:19:42, 22.3125, 0.0, 0.0
2022-09-25T21:20:43, 21.8125, 0.18, 0.84
2022-09-25T21:21:44, 17.125, 1.91, 0.28
2022-09-25T21:22:44, 14.25, 1.91, 0.28
2022-09-25T21:23:45, 13.375, 1.14, 0.84
2022-09-25T21:24:46, 12.875, 1.76, 1.12
2022-09-25T21:25:47, 12.625, 0.53, 0.0
2022-09-25T21:26:48, 12.5625, 0.12, 0.0
2022-09-25T21:27:49, 12.5, 0.89, 0.0
2022-09-25T21:28:50, 13.0625, 2.53, 0.0
2022-09-25T21:29:51, 14.0, 3.31, 0.0
2022-09-25T21:30:51, 14.5, 3.24, 0.0
2022-09-25T21:31:52, 15.0, 2.96, 0.0
2022-09-25T21:32:53, 16.5, 3.61, 1.12
2022-09-25T21:33:54, 20.875, 1.85, 0.0
2022-09-25T21:34:55, 16.125, 3.79, 0.0
2022-09-25T21:35:56, 15.875, 3.02, 1.12
2022-09-25T21:36:57, 15.5625, 3.63, 1.12
2022-09-25T21:37:57, 14.8125, 4.76, 0.0
2022-09-25T21:38:58, 14.25, 6.31, 0.0
2022-09-25T21:39:59, 14.0, 7.2, 0.0
2022-09-25T21:41:00, 13.9375, 6.77, 0.0
2022-09-25T21:42:01, 14.25, 2.92, 3.07
2022-09-25T21:43:02, 13.8125, 3.45, 0.0
2022-09-25T21:44:03, 13.375, 6.95, 0.0
2022-09-25T21:45:03, 13.0625, 5.84, 0.0
2022-09-25T21:46:04, 13.375, 4.08, 0.0
2022-09-25T21:47:05, 13.625, 4.64, 0.0
2022-09-25T21:48:06, 13.6875, 5.76, 0.0
2022-09-25T21:49:07, 14.0, 3.77, 0.0
2022-09-25T21:50:08, 13.8125, 4.03, 0.0
2022-09-25T21:51:09, 14.0625, 4.5, 0.0
2022-09-25T21:52:09, 14.125, 4.56, 0.0
2022-09-25T21:53:10, 14.3125, 3.57, 0.0
2022-09-25T21:54:11, 14.3125, 4.01, 0.0
2022-09-25T21:55:12, 14.0625, 6.21, 0.0
2022-09-25T21:56:13, 14.3125, 3.51, 0.0
2022-09-25T21:57:14, 14.125, 4.94, 0.0
2022-09-25T21:58:15, 14.1875, 4.83, 0.0
2022-09-25T21:59:15, 14.375, 3.35, 0.0
2022-09-25T22:00:16, 14.0625, 5.39, 0.0
2022-09-25T22:01:17, 14.1875, 4.14, 0.0
2022-09-25T22:02:18, 14.25, 3.77, 0.0
2022-09-25T22:03:19, 14.1875, 4.44, 0.0
2022-09-25T22:04:20, 14.0, 5.09, 0.0
2022-09-25T22:05:21, 13.6875, 7.34, 0.0
2022-09-25T22:06:22, 13.625, 7.11, 0.0
2022-09-25T22:07:22, 13.875, 4.0, 0.0
2022-09-25T22:08:23, 13.8125, 5.17, 0.0
2022-09-25T22:09:24, 13.8125, 3.93, 0.0
2022-09-25T22:10:25, 13.5625, 5.33, 0.0
2022-09-25T22:11:26, 13.75, 4.4, 0.0
2022-09-25T22:12:27, 13.75, 4.18, 0.0
2022-09-25T22:13:28, 13.75, 4.62, 0.0
2022-09-25T22:14:28, 13.1875, 6.83, 0.0
2022-09-25T22:15:29, 13.0, 5.96, 0.0
2022-09-25T22:16:30, 13.0, 5.66, 0.0
2022-09-25T22:17:31, 13.3125, 3.71, 0.0
2022-09-25T22:18:32, 13.875, 4.36, 0.0
2022-09-25T22:19:33, 14.0, 5.62, 0.0
2022-09-25T22:20:34, 13.8125, 5.85, 0.0
2022-09-25T22:21:34, 13.5, 6.57, 0.0
2022-09-25T22:22:35, 13.3125, 7.01, 0.0
2022-09-25T22:23:36, 13.5, 5.9, 0.0
2022-09-25T22:24:37, 13.5625, 5.31, 0.0
2022-09-25T22:25:38, 13.625, 4.8, 0.0
2022-09-25T22:26:39, 13.4375, 5.76, 0.0
2022-09-25T22:27:40, 13.375, 5.55, 0.0
2022-09-25T22:28:41, 13.75, 5.19, 0.0
2022-09-25T22:29:41, 13.625, 5.98, 0.0
2022-09-25T22:30:42, 14.0625, 3.98, 0.0
2022-09-25T22:31:43, 14.0, 3.75, 0.0
2022-09-25T22:32:44, 13.875, 3.53, 0.0
2022-09-25T22:33:45, 13.6875, 4.42, 0.0
2022-09-25T22:34:46, 13.75, 3.61, 0.0
2022-09-25T22:35:47, 13.8125, 3.43, 0.0
2022-09-25T22:36:47, 13.5, 5.07, 0.0
2022-09-25T22:37:48, 13.375, 4.42, 0.0
2022-09-25T22:38:49, 13.125, 5.37, 0.0
2022-09-25T22:39:50, 13.0625, 5.48, 0.0
2022-09-25T22:40:51, 13.0625, 5.96, 0.0
2022-09-25T22:41:52, 13.0625, 4.07, 0.0
2022-09-25T22:42:53, 13.0, 5.61, 0.0
2022-09-25T22:43:53, 12.75, 8.64, 0.0
2022-09-25T22:44:54, 12.875, 5.53, 0.0
2022-09-25T22:45:55, 13.125, 3.75, 0.0
2022-09-25T22:46:56, 13.125, 5.33, 0.0
2022-09-25T22:47:57, 13.125, 2.53, 0.0
2022-09-25T22:48:58, 12.6875, 5.6, 0.0
2022-09-25T22:49:59, 12.625, 4.76, 0.0
2022-09-25T22:50:59, 12.6875, 5.64, 0.0
2022-09-25T22:52:00, 12.9375, 5.23, 0.0
2022-09-25T22:53:01, 12.9375, 5.43, 0.0
2022-09-25T22:54:02, 12.9375, 4.34, 0.0
2022-09-25T22:55:03, 12.875, 4.2, 0.0
2022-09-25T22:56:04, 12.8125, 5.03, 0.0
2022-09-25T22:57:05, 12.75, 6.69, 0.0
2022-09-25T22:58:05, 12.75, 4.72, 0.0
2022-09-25T22:59:06, 12.625, 5.37, 0.0
2022-09-25T23:00:07, 12.5625, 6.41, 0.0
2022-09-25T23:01:08, 12.5625, 4.5, 0.0
2022-09-25T23:02:09, 12.625, 2.96, 0.0
2022-09-25T23:03:10, 12.4375, 7.16, 0.0
2022-09-25T23:04:11, 12.5, 3.63, 0.0
2022-09-25T23:05:12, 12.625, 2.92, 0.0
2022-09-25T23:06:12, 12.5625, 3.85, 0.0
2022-09-25T23:07:13, 12.5, 2.98, 0.0
2022-09-25T23:08:14, 12.3125, 5.37, 0.0
2022-09-25T23:09:15, 12.25, 4.85, 0.0
2022-09-25T23:10:16, 12.1875, 4.42, 0.0
2022-09-25T23:11:17, 12.125, 4.78, 0.0
2022-09-25T23:12:18, 12.125, 3.2, 0.0
2022-09-25T23:13:18, 12.0625, 6.1, 0.0
2022-09-25T23:14:19, 12.0, 4.3, 0.0
2022-09-25T23:15:20, 12.0, 6.31, 0.0
2022-09-25T23:16:21, 12.0, 4.22, 0.0
2022-09-25T23:17:22, 12.0625, 2.74, 0.0
2022-09-25T23:18:23, 12.0625, 3.61, 0.0
2022-09-25T23:19:24, 12.125, 3.87, 0.0
2022-09-25T23:20:24, 12.125, 5.41, 0.0
2022-09-25T23:21:25, 12.125, 4.34, 0.0
2022-09-25T23:22:26, 12.125, 2.78, 0.0
2022-09-25T23:23:27, 12.125, 3.24, 0.0
2022-09-25T23:24:28, 12.0625, 5.15, 0.0
2022-09-25T23:25:29, 12.0, 3.83, 0.0
2022-09-25T23:26:30, 11.9375, 4.28, 0.0
2022-09-25T23:27:31, 11.875, 4.95, 0.0
2022-09-25T23:28:31, 11.8125, 5.61, 0.0
2022-09-25T23:29:32, 11.8125, 3.43, 0.0
2022-09-25T23:30:33, 11.75, 3.24, 0.0
2022-09-25T23:31:34, 11.6875, 4.08, 0.0
2022-09-25T23:32:35, 11.625, 4.66, 0.0
2022-09-25T23:33:36, 11.625, 4.8, 0.0
2022-09-25T23:34:37, 11.625, 6.79, 0.0
2022-09-25T23:35:37, 11.625, 4.56, 0.0
2022-09-25T23:36:38, 11.5625, 5.49, 0.0
2022-09-25T23:37:39, 11.5625, 6.67, 0.0
2022-09-25T23:38:40, 11.5625, 4.66, 0.0
2022-09-25T23:39:41, 11.5625, 3.96, 0.0
2022-09-25T23:40:42, 11.5, 3.93, 0.0
2022-09-25T23:41:43, 11.5625, 5.13, 0.0
2022-09-25T23:42:43, 11.4375, 4.02, 0.0
2022-09-25T23:43:44, 11.4375, 3.97, 0.0
2022-09-25T23:44:45, 11.4375, 2.56, 0.0
2022-09-25T23:45:46, 11.4375, 2.92, 0.0
2022-09-25T23:46:47, 11.4375, 5.98, 0.0
2022-09-25T23:47:48, 11.4375, 6.67, 0.0
2022-09-25T23:48:49, 11.4375, 5.67, 0.0
2022-09-25T23:49:49, 11.4375, 4.16, 0.0
2022-09-25T23:50:50, 11.4375, 5.16, 0.0
2022-09-25T23:51:51, 11.375, 4.5, 0.0
2022-09-25T23:52:52, 11.4375, 5.09, 0.0
2022-09-25T23:53:53, 11.375, 4.74, 0.0
2022-09-25T23:54:54, 11.4375, 5.77, 0.0
2022-09-25T23:55:54, 11.4375, 5.73, 0.0
2022-09-25T23:56:55, 11.4375, 5.15, 0.0
2022-09-25T23:57:56, 11.375, 4.54, 0.0
2022-09-25T23:58:57, 11.3125, 2.92, 0.0
2022-09-25T23:59:58, 11.3125, 2.49, 0.0
2022-09-26T00:00:59, 11.3125, 5.17, 0.0
2022-09-26T00:02:00, 11.3125, 6.61, 0.0
2022-09-26T00:03:00, 11.3125, 5.39, 0.0
2022-09-26T00:04:01, 11.1875, 2.88, 0.0
2022-09-26T00:05:02, 11.125, 2.45, 0.0
2022-09-26T00:06:03, 11.1875, 5.46, 0.0
2022-09-26T00:07:04, 11.1875, 4.91, 0.0
2022-09-26T00:08:05, 11.1875, 3.73, 0.0
2022-09-26T00:09:06, 11.25, 6.41, 0.0
2022-09-26T00:10:06, 11.25, 4.34, 0.0
2022-09-26T00:11:07, 11.3125, 5.86, 0.0
2022-09-26T00:12:08, 11.3125, 7.6, 0.0
2022-09-26T00:13:09, 11.25, 4.21, 0.0
2022-09-26T00:14:10, 11.25, 5.01, 0.0
2022-09-26T00:15:11, 11.125, 4.26, 0.0
2022-09-26T00:16:12, 11.125, 6.36, 0.0
2022-09-26T00:17:12, 11.0625, 6.57, 0.0
2022-09-26T00:18:13, 10.875, 5.09, 0.0
2022-09-26T00:19:14, 10.6875, 7.38, 0.0
2022-09-26T00:20:15, 10.625, 5.98, 0.0
2022-09-26T00:21:16, 10.625, 5.21, 0.0
2022-09-26T00:22:17, 10.6875, 6.61, 0.0
2022-09-26T00:23:18, 10.625, 6.32, 0.0
2022-09-26T00:24:18, 10.5625, 4.97, 0.0
2022-09-26T00:25:19, 10.625, 4.28, 0.0
2022-09-26T00:26:20, 10.5625, 4.87, 0.0
2022-09-26T00:27:21, 10.5625, 3.12, 0.0
2022-09-26T00:28:22, 10.5625, 4.95, 0.0
2022-09-26T00:29:23, 10.5, 3.61, 0.0
2022-09-26T00:30:24, 10.5, 2.17, 0.0
2022-09-26T00:31:25, 10.5, 3.29, 0.0
2022-09-26T00:32:25, 10.5, 3.89, 0.0
2022-09-26T00:33:26, 10.4375, 4.72, 0.0
2022-09-26T00:34:27, 10.5, 5.27, 0.0
2022-09-26T00:35:28, 10.4375, 5.0, 0.0
2022-09-26T00:36:29, 10.4375, 5.11, 0.0
2022-09-26T00:37:30, 10.375, 3.39, 0.0
2022-09-26T00:38:31, 10.25, 2.8, 0.0
2022-09-26T00:39:31, 9.9375, 4.91, 0.0
2022-09-26T00:40:32, 9.9375, 6.73, 0.0
2022-09-26T00:41:33, 9.9375, 6.35, 0.0
2022-09-26T00:42:34, 9.9375, 4.89, 0.0
2022-09-26T00:43:35, 9.875, 2.25, 0.0
2022-09-26T00:44:36, 10.0, 4.44, 0.0
2022-09-26T00:45:37, 9.875, 3.18, 0.0
2022-09-26T00:46:37, 9.9375, 2.01, 0.0
2022-09-26T00:47:38, 9.875, 3.37, 0.0
2022-09-26T00:48:39, 9.875, 3.91, 0.0
2022-09-26T00:49:40, 9.875, 3.45, 0.0
2022-09-26T00:50:41, 9.8125, 3.75, 0.0
2022-09-26T00:51:42, 9.6875, 2.84, 0.0
2022-09-26T00:52:43, 9.625, 4.2, 0.0
2022-09-26T00:53:43, 9.625, 1.97, 0.0
2022-09-26T00:54:44, 9.5625, 3.47, 0.0
2022-09-26T00:55:45, 9.5625, 2.39, 0.0
2022-09-26T00:56:46, 9.625, 5.09, 0.0
2022-09-26T00:57:47, 9.625, 3.77, 0.0
2022-09-26T00:58:48, 9.4375, 3.53, 0.0
2022-09-26T00:59:49, 9.375, 2.88, 0.0
2022-09-26T01:00:49, 9.1875, 2.53, 0.0
2022-09-26T01:01:50, 9.1875, 2.11, 0.0
2022-09-26T01:02:51, 9.125, 1.87, 0.0
2022-09-26T01:03:52, 9.125, 2.09, 0.0
2022-09-26T01:04:53, 9.1875, 2.51, 0.0
2022-09-26T01:05:54, 9.3125, 3.0, 0.0
2022-09-26T01:06:55, 9.25, 1.99, 0.0
2022-09-26T01:07:56, 9.1875, 2.25, 0.0
2022-09-26T01:08:56, 9.125, 1.52, 0.0
2022-09-26T01:09:57, 9.125, 2.55, 0.0
2022-09-26T01:10:58, 9.125, 2.92, 0.0
2022-09-26T01:11:59, 9.125, 2.37, 0.0
2022-09-26T01:13:00, 9.0625, 2.13, 0.0
2022-09-26T01:14:01, 9.125, 2.84, 0.0
2022-09-26T01:15:02, 9.1875, 3.51, 0.0
2022-09-26T01:16:02, 9.0625, 0.95, 0.0
2022-09-26T01:17:03, 9.125, 2.98, 0.0
2022-09-26T01:18:04, 9.125, 1.66, 0.0
2022-09-26T01:19:05, 9.0, 2.17, 0.0
2022-09-26T01:20:06, 8.9375, 1.2, 0.0
2022-09-26T01:21:07, 8.9375, 1.64, 0.0
2022-09-26T01:22:08, 9.0625, 1.91, 0.0
2022-09-26T01:23:08, 9.0, 0.45, 0.0
2022-09-26T01:24:09, 9.125, 1.68, 0.0
2022-09-26T01:25:10, 9.3125, 2.74, 0.0
2022-09-26T01:26:11, 9.3125, 2.09, 0.0
2022-09-26T01:27:12, 9.375, 1.81, 0.0
2022-09-26T01:28:13, 9.5, 2.86, 0.0
2022-09-26T01:29:14, 9.4375, 2.78, 0.0
2022-09-26T01:30:14, 9.4375, 2.19, 0.0
2022-09-26T01:31:15, 9.4375, 2.29, 0.0
2022-09-26T01:32:16, 9.4375, 1.2, 0.0
2022-09-26T01:33:17, 9.375, 1.68, 0.0
2022-09-26T01:34:18, 9.25, 0.97, 0.0
2022-09-26T01:35:19, 9.1875, 1.07, 0.0
2022-09-26T01:36:20, 9.1875, 1.26, 0.0
2022-09-26T01:37:21, 9.1875, 1.24, 0.0
2022-09-26T01:38:21, 9.25, 1.87, 0.0
2022-09-26T01:39:22, 9.1875, 0.93, 0.0
2022-09-26T01:40:23, 9.1875, 0.89, 0.0
2022-09-26T01:41:24, 9.3125, 2.31, 0.0
2022-09-26T01:42:25, 9.375, 1.74, 0.0
2022-09-26T01:43:26, 9.3125, 1.09, 0.0
2022-09-26T01:44:27, 9.375, 2.55, 0.0
2022-09-26T01:45:27, 9.375, 1.54, 0.0
2022-09-26T01:46:28, 9.3125, 0.97, 0.0
2022-09-26T01:47:29, 9.125, 0.73, 0.0
2022-09-26T01:48:30, 9.0625, 1.18, 0.0
2022-09-26T01:49:31, 9.0625, 2.43, 0.0
2022-09-26T01:50:32, 8.9375, 2.25, 0.0
2022-09-26T01:51:33, 8.875, 1.52, 0.0
2022-09-26T01:52:33, 8.8125, 1.2, 0.0
2022-09-26T01:53:34, 8.6875, 0.63, 0.0
2022-09-26T01:54:35, 8.75, 1.26, 0.0
2022-09-26T01:55:36, 8.75, 1.48, 0.0
2022-09-26T01:56:37, 8.75, 1.7, 0.0
2022-09-26T01:57:38, 8.6875, 1.11, 0.0
2022-09-26T01:58:39, 8.8125, 1.91, 0.0
2022-09-26T01:59:39, 8.875, 2.57, 0.0
2022-09-26T02:00:40, 8.9375, 2.21, 0.0
2022-09-26T02:01:41, 8.9375, 1.6, 0.0
2022-09-26T02:02:42, 9.0, 2.73, 0.0
2022-09-26T02:03:43, 9.0625, 1.07, 0.0
2022-09-26T02:04:44, 9.0625, 1.52, 0.0
2022-09-26T02:05:45, 9.0625, 1.76, 0.0
2022-09-26T02:06:45, 9.125, 2.37, 0.0
2022-09-26T02:07:46, 9.125, 0.97, 0.0
2022-09-26T02:08:47, 9.125, 1.12, 0.0
2022-09-26T02:09:48, 9.125, 1.12, 0.0
2022-09-26T02:10:49, 9.125, 0.93, 0.0
2022-09-26T02:11:50, 9.125, 1.3, 0.0
2022-09-26T02:12:51, 9.125, 1.66, 0.0
2022-09-26T02:13:51, 8.875, 1.09, 0.0
2022-09-26T02:14:52, 8.5625, 0.87, 0.0
2022-09-26T02:15:53, 8.3125, 1.74, 0.0
2022-09-26T02:16:54, 8.1875, 2.9, 0.0
2022-09-26T02:17:55, 8.0625, 1.58, 0.0
2022-09-26T02:18:56, 8.0625, 1.62, 0.0
2022-09-26T02:19:57, 8.0, 1.11, 0.0
2022-09-26T02:20:57, 8.0, 1.22, 0.0
2022-09-26T02:21:58, 8.0, 1.5, 0.0
2022-09-26T02:22:59, 8.0625, 3.26, 0.0
2022-09-26T02:24:00, 8.0625, 2.01, 0.0
2022-09-26T02:25:01, 8.0625, 3.2, 0.0
2022-09-26T02:26:02, 8.0625, 1.68, 0.0
2022-09-26T02:27:03, 8.0625, 2.21, 0.0
2022-09-26T02:28:04, 8.0625, 2.76, 0.0
2022-09-26T02:29:04, 8.0625, 1.72, 0.0
2022-09-26T02:30:05, 8.0625, 1.5, 0.0
2022-09-26T02:31:06, 8.125, 1.66, 0.0
2022-09-26T02:32:07, 8.0625, 0.91, 0.0
2022-09-26T02:33:08, 8.0625, 0.91, 0.0
2022-09-26T02:34:09, 8.125, 2.19, 0.0
2022-09-26T02:35:10, 8.1875, 3.37, 0.0
2022-09-26T02:36:10, 8.1875, 3.02, 0.0
2022-09-26T02:37:11, 8.1875, 3.35, 0.0
2022-09-26T02:38:12, 8.1875, 2.51, 0.0
2022-09-26T02:39:13, 8.125, 2.11, 0.0
2022-09-26T02:40:14, 8.1875, 4.22, 0.0
2022-09-26T02:41:15, 8.125, 1.46, 0.0
2022-09-26T02:42:16, 8.125, 1.05, 0.0
2022-09-26T02:43:17, 8.125, 2.68, 0.0
2022-09-26T02:44:17, 8.125, 3.39, 0.0
2022-09-26T02:45:18, 8.125, 3.39, 0.0
2022-09-26T02:46:19, 8.125, 2.11, 0.0
2022-09-26T02:47:20, 8.125, 2.64, 0.0
2022-09-26T02:48:21, 8.125, 2.31, 0.0
2022-09-26T02:49:22, 8.125, 2.49, 0.0
2022-09-26T02:50:23, 8.125, 1.93, 0.0
2022-09-26T02:51:23, 8.125, 2.29, 0.0
2022-09-26T02:52:24, 8.125, 1.26, 0.0
2022-09-26T02:53:25, 8.125, 2.82, 0.0
2022-09-26T02:54:26, 8.125, 2.57, 0.0
2022-09-26T02:55:27, 8.0625, 1.3, 0.0
2022-09-26T02:56:28, 8.125, 1.99, 0.0
2022-09-26T02:57:29, 8.0625, 2.43, 0.0
2022-09-26T02:58:29, 8.0625, 3.33, 0.0
2022-09-26T02:59:30, 8.0625, 2.19, 0.0
2022-09-26T03:00:31, 8.0625, 2.07, 0.0
2022-09-26T03:01:32, 8.0625, 3.08, 0.0
2022-09-26T03:02:33, 8.0625, 3.04, 0.0
2022-09-26T03:03:34, 8.125, 5.03, 0.0
2022-09-26T03:04:35, 8.125, 4.38, 0.0
2022-09-26T03:05:36, 8.0625, 3.24, 0.0
2022-09-26T03:06:36, 8.0625, 2.51, 0.0
2022-09-26T03:07:37, 8.0625, 3.0, 0.0
2022-09-26T03:08:38, 8.0625, 2.11, 0.0
2022-09-26T03:09:39, 8.0625, 2.94, 0.0
2022-09-26T03:10:40, 8.0625, 2.13, 0.0
2022-09-26T03:11:41, 8.0625, 2.96, 0.0
2022-09-26T03:12:42, 8.0, 2.03, 0.0
2022-09-26T03:13:42, 8.0, 2.29, 0.0
2022-09-26T03:14:43, 7.9375, 2.9, 0.0
2022-09-26T03:15:44, 7.9375, 2.82, 0.0
2022-09-26T03:16:45, 7.875, 3.08, 0.0
2022-09-26T03:17:46, 7.875, 1.83, 0.0
2022-09-26T03:18:47, 7.8125, 1.52, 0.0
2022-09-26T03:19:48, 7.875, 2.03, 0.0
2022-09-26T03:20:48, 7.8125, 0.55, 0.0
2022-09-26T03:21:49, 7.875, 2.37, 0.0
2022-09-26T03:22:50, 7.875, 2.05, 0.0
2022-09-26T03:23:51, 7.9375, 2.31, 0.0
2022-09-26T03:24:52, 7.9375, 3.1, 0.0
2022-09-26T03:25:53, 7.9375, 2.09, 0.0
2022-09-26T03:26:54, 7.875, 1.6, 0.0
2022-09-26T03:27:55, 7.9375, 2.88, 0.0
2022-09-26T03:28:55, 7.875, 2.01, 0.0
2022-09-26T03:29:56, 7.9375, 2.25, 0.0
2022-09-26T03:30:57, 7.9375, 3.53, 0.0
2022-09-26T03:31:58, 7.9375, 2.31, 0.0
2022-09-26T03:32:59, 7.8125, 2.09, 0.0
2022-09-26T03:34:00, 7.8125, 1.42, 0.0
2022-09-26T03:35:01, 7.8125, 2.68, 0.0
2022-09-26T03:36:01, 7.75, 2.11, 0.0
2022-09-26T03:37:02, 7.6875, 2.94, 0.0
2022-09-26T03:38:03, 7.625, 1.48, 0.0
2022-09-26T03:39:04, 7.4375, 0.34, 0.0
2022-09-26T03:40:05, 7.3125, 0.55, 0.0
2022-09-26T03:41:06, 7.375, 0.63, 0.0
2022-09-26T03:42:07, 7.5, 1.93, 0.0
2022-09-26T03:43:07, 7.625, 2.43, 0.0
2022-09-26T03:44:08, 7.625, 2.23, 0.0
2022-09-26T03:45:09, 7.5625, 2.13, 0.0
2022-09-26T03:46:10, 7.5625, 1.82, 0.0
2022-09-26T03:47:11, 7.5625, 2.05, 0.0
2022-09-26T03:48:12, 7.5625, 1.97, 0.0
2022-09-26T03:49:13, 7.5, 2.03, 0.0
2022-09-26T03:50:13, 7.5625, 1.34, 0.0
2022-09-26T03:51:14, 7.5625, 2.11, 0.0
2022-09-26T03:52:15, 7.6875, 2.96, 0.0
2022-09-26T03:53:16, 7.75, 2.51, 0.0
2022-09-26T03:54:17, 7.6875, 0.47, 0.0
2022-09-26T03:55:18, 7.6875, 1.14, 0.0
2022-09-26T03:56:19, 7.6875, 1.42, 0.0
2022-09-26T03:57:19, 7.75, 2.23, 0.0
2022-09-26T03:58:20, 7.875, 4.3, 0.0
2022-09-26T03:59:21, 7.6875, 2.07, 0.0
2022-09-26T04:00:22, 7.6875, 1.03, 0.0
2022-09-26T04:01:23, 7.75, 2.29, 0.0
2022-09-26T04:02:24, 7.6875, 1.6, 0.0
2022-09-26T04:03:25, 7.6875, 1.26, 0.0
2022-09-26T04:04:25, 7.6875, 1.78, 0.0
2022-09-26T04:05:26, 7.75, 2.53, 0.0
2022-09-26T04:06:27, 7.875, 2.84, 0.0
2022-09-26T04:07:28, 7.75, 2.27, 0.0
2022-09-26T04:08:29, 7.75, 1.2, 0.0
2022-09-26T04:09:30, 7.8125, 2.15, 0.0
2022-09-26T04:10:31, 7.8125, 2.57, 0.0
2022-09-26T04:11:31, 7.75, 1.62, 0.0
2022-09-26T04:12:32, 7.8125, 1.8, 0.0
2022-09-26T04:13:33, 7.75, 1.82, 0.0
2022-09-26T04:14:34, 7.75, 0.89, 0.0
2022-09-26T04:15:35, 7.875, 1.97, 0.0
2022-09-26T04:16:36, 7.9375, 2.9, 0.0
2022-09-26T04:17:37, 7.9375, 3.39, 0.0
2022-09-26T04:18:37, 7.9375, 1.54, 0.0
2022-09-26T04:19:38, 7.9375, 2.72, 0.0
2022-09-26T04:20:39, 8.0, 2.63, 0.0
2022-09-26T04:21:40, 7.9375, 2.82, 0.0
2022-09-26T04:22:41, 8.0, 3.0, 0.0
2022-09-26T04:23:42, 8.0625, 3.41, 0.0
2022-09-26T04:24:43, 8.0625, 4.44, 0.0
2022-09-26T04:25:43, 8.125, 5.25, 0.0
2022-09-26T04:26:44, 8.0625, 3.56, 0.0
2022-09-26T04:27:45, 8.0625, 3.0, 0.0
2022-09-26T04:28:46, 8.0625, 3.06, 0.0
2022-09-26T04:29:47, 8.0625, 3.41, 0.0
2022-09-26T04:30:48, 8.0, 1.84, 0.0
2022-09-26T04:31:49, 8.0625, 2.63, 0.0
2022-09-26T04:32:49, 8.125, 3.12, 0.0
2022-09-26T04:33:50, 8.1875, 2.92, 0.0
2022-09-26T04:34:51, 8.25, 3.93, 0.0
2022-09-26T04:35:52, 8.25, 3.43, 0.0
2022-09-26T04:36:53, 8.25, 1.76, 0.0
2022-09-26T04:37:54, 8.25, 1.58, 0.0
2022-09-26T04:38:55, 8.25, 2.88, 0.0
2022-09-26T04:39:55, 8.375, 4.42, 0.0
2022-09-26T04:40:56, 8.375, 3.41, 0.0
2022-09-26T04:41:57, 8.3125, 1.89, 0.0
2022-09-26T04:42:58, 8.3125, 2.55, 0.0
2022-09-26T04:43:59, 8.3125, 2.72, 0.0
2022-09-26T04:45:00, 8.4375, 3.71, 0.0
2022-09-26T04:46:01, 8.4375, 4.56, 0.0
2022-09-26T04:47:01, 8.4375, 3.02, 0.0
2022-09-26T04:48:02, 8.4375, 3.2, 0.0
2022-09-26T04:49:03, 8.375, 3.61, 0.0
2022-09-26T04:50:04, 8.3125, 1.7, 0.0
2022-09-26T04:51:05, 8.375, 2.66, 0.0
2022-09-26T04:52:06, 8.375, 3.57, 0.0
2022-09-26T04:53:07, 8.3125, 2.27, 0.0
2022-09-26T04:54:07, 8.375, 3.71, 0.0
2022-09-26T04:55:08, 8.375, 3.63, 0.0
2022-09-26T04:56:09, 8.3125, 3.0, 0.0
2022-09-26T04:57:10, 8.25, 2.41, 0.0
2022-09-26T04:58:11, 8.1875, 2.21, 0.0
2022-09-26T04:59:12, 8.3125, 3.69, 0.0
2022-09-26T05:00:13, 8.1875, 2.25, 0.0
2022-09-26T05:01:13, 8.1875, 2.45, 0.0
2022-09-26T05:02:14, 8.1875, 1.86, 0.0
2022-09-26T05:03:15, 8.1875, 3.89, 0.0
2022-09-26T05:04:16, 8.1875, 2.59, 0.0
2022-09-26T05:05:17, 8.3125, 4.6, 0.0
2022-09-26T05:06:18, 8.3125, 2.78, 0.0
2022-09-26T05:07:19, 8.3125, 2.8, 0.0
2022-09-26T05:08:19, 8.3125, 3.06, 0.0
2022-09-26T05:09:20, 8.3125, 1.86, 0.0
2022-09-26T05:10:21, 8.3125, 2.64, 0.0
2022-09-26T05:11:22, 8.375, 3.32, 0.0
2022-09-26T05:12:23, 8.375, 2.29, 0.0
2022-09-26T05:13:24, 8.375, 2.88, 0.0
2022-09-26T05:14:25, 8.375, 2.41, 0.0
2022-09-26T05:15:26, 8.5, 4.01, 0.28
2022-09-26T05:16:26, 8.5, 3.75, 0.0
2022-09-26T05:17:27, 8.5625, 5.37, 0.0
2022-09-26T05:18:28, 8.5625, 3.57, 0.0
2022-09-26T05:19:29, 8.5, 3.53, 0.0
2022-09-26T05:20:30, 8.5625, 3.95, 0.0
2022-09-26T05:21:31, 8.5625, 3.65, 0.0
2022-09-26T05:22:32, 8.5, 2.86, 0.0
2022-09-26T05:23:32, 8.4375, 2.01, 0.0
2022-09-26T05:24:33, 8.4375, 2.64, 0.0
2022-09-26T05:25:34, 8.4375, 4.66, 0.0
2022-09-26T05:26:35, 8.4375, 2.62, 0.0
2022-09-26T05:27:36, 8.375, 2.15, 0.0
2022-09-26T05:28:37, 8.4375, 4.89, 0.0
2022-09-26T05:29:38, 8.375, 3.18, 0.0
2022-09-26T05:30:38, 8.375, 3.08, 0.0
2022-09-26T05:31:39, 8.375, 2.19, 0.0
2022-09-26T05:32:40, 8.375, 3.97, 0.0
2022-09-26T05:33:41, 8.3125, 1.54, 0.0
2022-09-26T05:34:42, 8.375, 3.77, 0.0
2022-09-26T05:35:43, 8.3125, 2.49, 0.0
2022-09-26T05:36:44, 8.3125, 1.68, 0.0
2022-09-26T05:37:44, 8.3125, 2.35, 0.0
2022-09-26T05:38:45, 8.4375, 4.16, 0.0
2022-09-26T05:39:46, 8.5625, 3.97, 0.0
2022-09-26T05:40:47, 8.5625, 3.51, 0.0
2022-09-26T05:41:48, 8.5, 3.49, 0.0
2022-09-26T05:42:49, 8.5, 2.84, 0.0
2022-09-26T05:43:50, 8.4375, 4.03, 0.0
2022-09-26T05:44:50, 8.375, 3.59, 0.0
2022-09-26T05:45:51, 8.3125, 2.09, 0.0
2022-09-26T05:46:52, 8.25, 2.96, 0.0
2022-09-26T05:47:53, 8.1875, 3.0, 0.0
2022-09-26T05:48:54, 8.25, 3.04, 0.0
2022-09-26T05:49:55, 8.125, 2.45, 0.0
2022-09-26T05:50:56, 8.1875, 3.24, 0.0
2022-09-26T05:51:56, 8.125, 3.22, 0.0
2022-09-26T05:52:57, 8.0625, 2.21, 0.0
2022-09-26T05:53:58, 8.0, 0.85, 0.0
2022-09-26T05:54:59, 8.0625, 2.86, 0.0
2022-09-26T05:56:00, 8.0, 1.81, 0.0
2022-09-26T05:57:01, 7.875, 2.53, 0.0
2022-09-26T05:58:02, 7.875, 2.29, 0.0
2022-09-26T05:59:03, 7.9375, 1.91, 0.0
2022-09-26T06:00:03, 7.75, 1.18, 0.0
2022-09-26T06:01:04, 7.75, 2.84, 0.0
2022-09-26T06:02:05, 7.625, 0.57, 0.0
2022-09-26T06:03:06, 7.625, 0.67, 0.0
2022-09-26T06:04:07, 7.625, 1.58, 0.0
2022-09-26T06:05:08, 7.625, 2.47, 0.0
2022-09-26T06:06:09, 7.625, 1.4, 0.0
2022-09-26T06:07:09, 7.75, 1.76, 0.0
2022-09-26T06:08:10, 7.5, 1.18, 0.0
2022-09-26T06:09:11, 7.6875, 2.6, 0.0
2022-09-26T06:10:12, 7.6875, 2.19, 0.0
2022-09-26T06:11:13, 7.8125, 3.26, 0.0
2022-09-26T06:12:14, 7.75, 2.01, 0.0
2022-09-26T06:13:15, 7.6875, 1.5, 0.0
2022-09-26T06:14:15, 7.75, 1.72, 0.0
2022-09-26T06:15:16, 7.75, 1.66, 0.0
2022-09-26T06:16:17, 7.5625, 1.12, 0.0
2022-09-26T06:17:18, 7.5, 0.93, 0.0
2022-09-26T06:18:19, 7.6875, 2.88, 0.0
2022-09-26T06:19:20, 7.625, 2.63, 0.0
2022-09-26T06:20:21, 7.5, 1.52, 0.0
2022-09-26T06:21:21, 7.5, 2.62, 0.0
2022-09-26T06:22:22, 7.5625, 3.0, 0.0
2022-09-26T06:23:23, 7.5625, 1.72, 0.0
2022-09-26T06:24:24, 7.4375, 0.59, 0.0
2022-09-26T06:25:25, 7.4375, 1.8, 0.0
2022-09-26T06:26:26, 7.4375, 1.86, 0.0
2022-09-26T06:27:27, 7.5, 1.62, 0.0
2022-09-26T06:28:27, 7.4375, 1.76, 0.0
2022-09-26T06:29:28, 7.375, 1.22, 0.0
2022-09-26T06:30:29, 7.375, 0.75, 0.0
2022-09-26T06:31:30, 7.1875, 2.27, 0.0
2022-09-26T06:32:31, 7.3125, 2.35, 0.0
2022-09-26T06:33:32, 7.4375, 2.43, 0.0
2022-09-26T06:34:33, 7.4375, 1.97, 0.0
2022-09-26T06:35:33, 7.5625, 3.12, 0.0
2022-09-26T06:36:34, 7.5, 1.76, 0.0
2022-09-26T06:37:35, 7.375, 1.3, 0.0
2022-09-26T06:38:36, 7.25, 1.99, 0.0
2022-09-26T06:39:37, 7.3125, 2.45, 0.0
2022-09-26T06:40:38, 7.1875, 1.01, 0.0
2022-09-26T06:41:39, 7.375, 2.64, 0.0
2022-09-26T06:42:40, 7.4375, 2.66, 0.0
2022-09-26T06:43:40, 7.5, 2.47, 0.0
2022-09-26T06:44:41, 7.4375, 1.85, 0.0
2022-09-26T06:45:42, 7.5625, 2.65, 0.0
2022-09-26T06:46:43, 7.5625, 3.51, 0.0
2022-09-26T06:47:44, 7.4375, 3.22, 0.0
2022-09-26T06:48:45, 7.6875, 4.58, 0.0
2022-09-26T06:49:46, 7.625, 3.22, 0.0
2022-09-26T06:50:46, 7.625, 3.06, 0.0
2022-09-26T06:51:47, 7.6875, 3.32, 0.0
2022-09-26T06:52:48, 7.5625, 2.98, 0.0
2022-09-26T06:53:49, 7.5, 2.62, 0.0
2022-09-26T06:54:50, 7.5, 3.26, 0.0
2022-09-26T06:55:51, 7.5625, 3.55, 0.0
2022-09-26T06:56:52, 7.4375, 2.74, 0.0
2022-09-26T06:57:52, 7.5, 2.41, 0.0
2022-09-26T06:58:53, 7.5625, 3.34, 0.0
2022-09-26T06:59:54, 7.625, 3.35, 0.0
2022-09-26T07:00:55, 7.5, 2.7, 0.0
2022-09-26T07:01:56, 7.375, 2.27, 0.0
2022-09-26T07:02:57, 7.375, 1.78, 0.0
2022-09-26T07:03:58, 7.375, 2.21, 0.0
2022-09-26T07:04:59, 7.4375, 2.74, 0.0
2022-09-26T07:05:59, 7.5, 1.97, 0.0
2022-09-26T07:07:00, 7.5, 2.66, 0.0
2022-09-26T07:08:01, 7.625, 2.7, 0.0
2022-09-26T07:09:02, 7.5, 1.44, 0.0
2022-09-26T07:10:03, 7.5, 1.48, 0.0
2022-09-26T07:11:04, 7.5, 1.68, 0.0
2022-09-26T07:12:05, 7.4375, 1.01, 0.0
2022-09-26T07:13:05, 7.5, 2.62, 0.0
2022-09-26T07:14:06, 7.4375, 1.19, 0.0
2022-09-26T07:15:07, 7.5, 2.29, 0.0
2022-09-26T07:16:08, 7.375, 1.87, 0.0
2022-09-26T07:17:09, 7.4375, 2.31, 0.0
2022-09-26T07:18:10, 7.4375, 2.53, 0.0
2022-09-26T07:19:11, 7.4375, 2.72, 0.0
2022-09-26T07:20:11, 7.375, 3.12, 0.0
2022-09-26T07:21:12, 7.375, 2.09, 0.0
2022-09-26T07:22:13, 7.25, 0.97, 0.0
2022-09-26T07:23:14, 7.1875, 0.79, 0.0
2022-09-26T07:24:15, 6.9375, 0.79, 0.0
2022-09-26T07:25:16, 7.0, 1.89, 0.0
2022-09-26T07:26:17, 7.0, 1.36, 0.0
2022-09-26T07:27:17, 7.0625, 1.68, 0.0
2022-09-26T07:28:18, 7.0, 1.95, 0.0
2022-09-26T07:29:19, 7.0, 2.13, 0.0
2022-09-26T07:30:20, 7.0, 1.48, 0.0
2022-09-26T07:31:21, 7.125, 2.37, 0.0
2022-09-26T07:32:22, 7.0625, 2.23, 0.0
2022-09-26T07:33:23, 7.125, 1.82, 0.0
2022-09-26T07:34:24, 7.0, 2.11, 0.0
2022-09-26T07:35:24, 7.0625, 1.82, 0.0
2022-09-26T07:36:25, 7.0, 0.87, 0.0
2022-09-26T07:37:26, 7.0625, 1.48, 0.0
2022-09-26T07:38:27, 6.9375, 2.15, 0.0
2022-09-26T07:39:28, 6.9375, 2.29, 0.0
2022-09-26T07:40:29, 6.875, 1.66, 0.0
2022-09-26T07:41:30, 6.9375, 1.87, 0.0
2022-09-26T07:42:30, 7.0625, 2.17, 0.0
2022-09-26T07:43:31, 7.0, 1.03, 0.0
2022-09-26T07:44:32, 6.9375, 1.8, 0.0
2022-09-26T07:45:33, 6.875, 0.63, 0.0
2022-09-26T07:46:34, 7.0, 2.78, 0.0
2022-09-26T07:47:35, 7.0, 2.05, 0.0
2022-09-26T07:48:36, 7.0625, 1.48, 0.0
2022-09-26T07:49:36, 7.0, 1.38, 0.0
2022-09-26T07:50:37, 7.125, 1.07, 0.0
2022-09-26T07:51:38, 7.125, 1.34, 0.0
2022-09-26T07:52:39, 7.1875, 1.72, 0.0
2022-09-26T07:53:40, 7.25, 2.33, 0.0
2022-09-26T07:54:41, 7.25, 1.72, 0.0
2022-09-26T07:55:42, 7.25, 2.64, 0.0
2022-09-26T07:56:42, 7.1875, 0.65, 0.0
2022-09-26T07:57:43, 7.375, 2.41, 0.0
2022-09-26T07:58:44, 7.3125, 2.19, 0.0
2022-09-26T07:59:45, 7.375, 1.48, 0.0
2022-09-26T08:00:46, 7.5, 2.35, 0.0
2022-09-26T08:01:47, 7.4375, 1.44, 0.0
2022-09-26T08:02:48, 7.5, 1.89, 0.0
2022-09-26T08:03:48, 7.5625, 2.13, 0.0
2022-09-26T08:04:49, 7.5625, 2.01, 0.0
2022-09-26T08:05:50, 7.625, 2.39, 0.0
2022-09-26T08:06:51, 7.625, 1.83, 0.0
2022-09-26T08:07:52, 7.5, 1.62, 0.0
2022-09-26T08:08:53, 7.625, 3.02, 0.0
2022-09-26T08:09:54, 7.5625, 2.11, 0.0
2022-09-26T08:10:54, 7.625, 1.6, 0.0
2022-09-26T08:11:55, 7.625, 1.87, 0.0
2022-09-26T08:12:56, 7.625, 2.15, 0.0
2022-09-26T08:13:57, 7.5625, 1.12, 0.0
2022-09-26T08:14:58, 7.5625, 1.46, 0.0
2022-09-26T08:15:59, 7.625, 1.46, 0.0
2022-09-26T08:17:00, 7.5625, 1.89, 0.0
2022-09-26T08:18:01, 7.5625, 2.11, 0.0
2022-09-26T08:19:01, 7.625, 3.12, 0.0
2022-09-26T08:20:02, 7.6875, 2.39, 0.0
2022-09-26T08:21:03, 7.75, 1.89, 0.0
2022-09-26T08:22:04, 7.75, 2.01, 0.0
2022-09-26T08:23:05, 7.8125, 1.66, 0.0
2022-09-26T08:24:06, 7.8125, 2.74, 0.0
2022-09-26T08:25:06, 7.875, 2.51, 0.0
2022-09-26T08:26:07, 7.8125, 1.34, 0.0
2022-09-26T08:27:08, 7.875, 2.62, 0.0
2022-09-26T08:28:09, 7.875, 3.1, 0.0
2022-09-26T08:29:10, 7.8125, 1.6, 0.0
2022-09-26T08:30:11, 7.8125, 1.46, 0.0
2022-09-26T08:31:12, 7.8125, 1.93, 0.0
2022-09-26T08:32:12, 7.8125, 1.52, 0.0
2022-09-26T08:33:13, 7.8125, 1.93, 0.0
2022-09-26T08:34:14, 8.0, 2.82, 0.0
2022-09-26T08:35:15, 8.0, 2.17, 0.0
2022-09-26T08:36:16, 8.0625, 2.84, 0.0
2022-09-26T08:37:17, 8.0, 2.65, 0.0
2022-09-26T08:38:18, 8.0625, 2.47, 0.0
2022-09-26T08:39:18, 8.0625, 2.05, 0.0
2022-09-26T08:40:19, 8.0, 2.55, 0.0
2022-09-26T08:41:20, 8.0, 3.3, 0.0
2022-09-26T08:42:21, 8.0, 1.62, 0.0
2022-09-26T08:43:22, 7.9375, 2.39, 0.0
2022-09-26T08:44:23, 7.9375, 2.19, 0.0
2022-09-26T08:45:24, 8.0, 2.8, 0.0
2022-09-26T08:46:25, 8.0, 2.47, 0.0
2022-09-26T08:47:25, 8.0625, 2.68, 0.0
2022-09-26T08:48:26, 7.9375, 1.7, 0.0
2022-09-26T08:49:27, 8.0, 2.82, 0.0
2022-09-26T08:50:28, 8.0, 3.24, 0.0
2022-09-26T08:51:29, 8.0, 3.57, 0.0
2022-09-26T08:52:30, 8.0, 3.1, 0.0
2022-09-26T08:53:31, 8.0, 2.25, 0.0
2022-09-26T08:54:31, 8.0, 2.29, 0.0
2022-09-26T08:55:32, 8.0, 2.27, 0.0
2022-09-26T08:56:33, 7.9375, 1.46, 0.0
2022-09-26T08:57:34, 7.875, 0.83, 0.0
2022-09-26T08:58:35, 7.8125, 1.26, 0.0
2022-09-26T08:59:36, 7.8125, 1.64, 0.0
2022-09-26T09:00:37, 7.8125, 2.82, 0.0
2022-09-26T09:01:37, 7.8125, 1.38, 0.0
2022-09-26T09:02:38, 7.75, 0.89, 0.0
2022-09-26T09:03:39, 7.8125, 1.66, 0.0
2022-09-26T09:04:40, 7.875, 2.37, 0.0
2022-09-26T09:05:41, 7.875, 1.3, 0.0
2022-09-26T09:06:42, 7.875, 1.93, 0.0
2022-09-26T09:07:43, 7.9375, 2.6, 0.0
2022-09-26T09:08:43, 7.875, 2.94, 0.0
2022-09-26T09:09:44, 7.9375, 2.39, 0.0
2022-09-26T09:10:45, 7.9375, 2.55, 0.0
2022-09-26T09:11:46, 7.875, 2.19, 0.0
2022-09-26T09:12:47, 7.875, 0.79, 0.0
2022-09-26T09:13:48, 7.875, 1.26, 0.0
2022-09-26T09:14:49, 7.75, 1.42, 0.0
2022-09-26T09:15:49, 7.8125, 2.17, 0.0
2022-09-26T09:16:50, 7.8125, 2.09, 0.0
2022-09-26T09:17:51, 7.8125, 2.17, 0.0
2022-09-26T09:18:52, 7.75, 1.64, 0.0
2022-09-26T09:19:53, 7.75, 2.25, 0.0
2022-09-26T09:20:54, 7.6875, 1.56, 0.0
2022-09-26T09:21:55, 7.5625, 1.01, 0.0
2022-09-26T09:22:55, 7.625, 2.11, 0.0
2022-09-26T09:23:56, 7.75, 5.11, 0.0
2022-09-26T09:24:57, 7.6875, 2.25, 0.0
2022-09-26T09:25:58, 7.6875, 1.78, 0.0
2022-09-26T09:26:59, 7.75, 3.43, 0.0
2022-09-26T09:28:00, 7.75, 2.88, 0.0
2022-09-26T09:29:01, 7.75, 3.85, 0.0
2022-09-26T09:30:01, 7.75, 3.12, 0.0
2022-09-26T09:31:02, 7.6875, 2.25, 0.0
2022-09-26T09:32:03, 7.5625, 1.3, 0.0
2022-09-26T09:33:04, 7.625, 2.07, 0.0
2022-09-26T09:34:05, 7.6875, 3.39, 0.0
2022-09-26T09:35:06, 7.625, 2.57, 0.0
2022-09-26T09:36:07, 7.6875, 2.88, 0.0
2022-09-26T09:37:08, 7.6875, 2.74, 0.0
2022-09-26T09:38:08, 7.625, 2.6, 0.0
2022-09-26T09:39:09, 7.625, 2.27, 0.0
2022-09-26T09:40:10, 7.5625, 1.99, 0.0
2022-09-26T09:41:11, 7.5, 1.89, 0.0
2022-09-26T09:42:12, 7.5, 2.64, 0.0
2022-09-26T09:43:13, 7.5, 2.39, 0.0
2022-09-26T09:44:14, 7.5, 2.15, 0.0
2022-09-26T09:45:14, 7.5, 2.92, 0.0
2022-09-26T09:46:15, 7.4375, 1.19, 0.0
2022-09-26T09:47:16, 7.4375, 1.93, 0.0
2022-09-26T09:48:17, 7.5, 1.74, 0.0
2022-09-26T09:49:18, 7.5625, 2.19, 0.0
2022-09-26T09:50:19, 7.5, 2.09, 0.0
2022-09-26T09:51:20, 7.5, 2.27, 0.0
2022-09-26T09:52:20, 7.5625, 2.88, 0.0
2022-09-26T09:53:21, 7.625, 2.86, 0.0
2022-09-26T09:54:22, 7.5625, 2.07, 0.0
2022-09-26T09:55:23, 7.625, 2.07, 0.0
2022-09-26T09:56:24, 7.5625, 1.24, 0.0
2022-09-26T09:57:25, 7.5625, 2.62, 0.0
2022-09-26T09:58:26, 7.5625, 1.97, 0.0
2022-09-26T09:59:26, 7.5, 0.99, 0.0
2022-09-26T10:00:27, 7.5, 1.93, 0.0
2022-09-26T10:01:28, 7.5, 1.95, 0.0
2022-09-26T10:02:29, 7.5, 2.59, 0.0
2022-09-26T10:03:30, 7.5625, 2.43, 0.0
2022-09-26T10:04:31, 7.5625, 1.76, 0.0
2022-09-26T10:05:32, 7.5, 0.77, 0.0
2022-09-26T10:06:32, 7.5, 2.31, 0.0
2022-09-26T10:07:33, 7.5625, 1.78, 0.0
2022-09-26T10:08:34, 7.5625, 1.24, 0.0
2022-09-26T10:09:35, 7.5, 1.91, 0.0
2022-09-26T10:10:36, 7.5, 1.4, 0.0
2022-09-26T10:11:37, 7.5, 2.9, 0.0
2022-09-26T10:12:38, 7.625, 3.08, 0.0
2022-09-26T10:13:38, 7.5625, 1.8, 0.0
2022-09-26T10:14:39, 7.5625, 1.89, 0.0
2022-09-26T10:15:40, 7.5625, 2.43, 0.0
2022-09-26T10:16:41, 7.6875, 4.36, 0.0
2022-09-26T10:17:42, 7.625, 1.95, 0.0
2022-09-26T10:18:43, 7.625, 2.37, 0.0
2022-09-26T10:19:44, 7.625, 3.0, 0.0
2022-09-26T10:20:45, 7.5625, 2.25, 0.0
2022-09-26T10:21:45, 7.5625, 2.92, 0.0
2022-09-26T10:22:46, 7.5, 2.07, 0.0
2022-09-26T10:23:47, 7.4375, 2.57, 0.0
2022-09-26T10:24:48, 7.375, 1.56, 0.0
2022-09-26T10:25:49, 7.375, 2.03, 0.0
2022-09-26T10:26:50, 7.3125, 2.64, 0.0
2022-09-26T10:27:51, 7.125, 1.58, 0.0
2022-09-26T10:28:51, 7.125, 2.17, 0.0
2022-09-26T10:29:52, 7.0, 1.22, 0.0
2022-09-26T10:30:53, 7.0625, 1.68, 0.0
2022-09-26T10:31:54, 7.0, 2.88, 0.0
2022-09-26T10:32:55, 7.125, 3.2, 0.0
2022-09-26T10:33:56, 7.0, 1.94, 0.0
2022-09-26T10:34:57, 7.0, 3.24, 0.0
2022-09-26T10:35:57, 6.9375, 2.07, 0.0
2022-09-26T10:36:58, 7.0, 1.98, 0.0
2022-09-26T10:37:59, 7.0, 1.32, 0.0
2022-09-26T10:39:00, 6.9375, 1.78, 0.0
2022-09-26T10:40:01, 7.0625, 1.68, 0.0
2022-09-26T10:41:02, 7.0625, 2.49, 0.0
2022-09-26T10:42:02, 7.0625, 2.07, 0.0
2022-09-26T10:43:03, 7.0625, 1.22, 0.0
2022-09-26T10:44:04, 7.0625, 1.16, 0.0
2022-09-26T10:45:05, 7.125, 1.74, 0.0
2022-09-26T10:46:06, 7.1875, 1.95, 0.0
2022-09-26T10:47:07, 7.25, 2.78, 0.0
2022-09-26T10:48:08, 7.3125, 3.28, 0.0
2022-09-26T10:49:09, 7.375, 3.89, 0.0
2022-09-26T10:50:09, 7.375, 3.02, 0.0
2022-09-26T10:51:10, 7.375, 3.06, 0.0
2022-09-26T10:52:11, 7.4375, 3.75, 0.0
2022-09-26T10:53:12, 7.375, 2.45, 0.0
2022-09-26T10:54:13, 7.375, 2.68, 0.0
2022-09-26T10:55:14, 7.25, 1.95, 0.0
2022-09-26T10:56:15, 7.25, 1.74, 0.0
2022-09-26T10:57:15, 7.3125, 3.22, 0.0
2022-09-26T10:58:16, 7.25, 1.84, 0.0
2022-09-26T10:59:17, 7.25, 2.01, 0.0
2022-09-26T11:00:18, 7.3125, 2.84, 0.0
2022-09-26T11:01:19, 7.3125, 2.53, 0.0
2022-09-26T11:02:20, 7.25, 1.99, 0.0
2022-09-26T11:03:21, 7.25, 1.24, 0.0
2022-09-26T11:04:22, 7.3125, 3.3, 0.0
2022-09-26T11:05:22, 7.3125, 2.11, 0.0
2022-09-26T11:06:23, 7.3125, 2.35, 0.0
2022-09-26T11:07:24, 7.3125, 2.56, 0.0
2022-09-26T11:08:25, 7.3125, 2.31, 0.0
2022-09-26T11:09:26, 7.375, 2.72, 0.0
2022-09-26T11:10:27, 7.3125, 2.39, 0.0
2022-09-26T11:11:28, 7.3125, 2.35, 0.0
2022-09-26T11:12:28, 7.375, 1.99, 0.0
2022-09-26T11:13:29, 7.375, 1.7, 0.0
2022-09-26T11:14:30, 7.375, 3.33, 0.0
2022-09-26T11:15:31, 7.3125, 2.07, 0.0
2022-09-26T11:16:32, 7.375, 2.45, 0.0
2022-09-26T11:17:33, 7.4375, 2.47, 0.0
2022-09-26T11:18:33, 7.4375, 1.66, 0.0
2022-09-26T11:19:34, 7.4375, 1.56, 0.0
2022-09-26T11:20:35, 7.375, 1.3, 0.0
2022-09-26T11:21:36, 7.375, 2.01, 0.0
2022-09-26T11:22:37, 7.4375, 1.89, 0.0
2022-09-26T11:23:38, 7.5, 2.76, 0.0
2022-09-26T11:24:39, 7.375, 1.01, 0.0
2022-09-26T11:25:40, 7.3125, 1.68, 0.0
2022-09-26T11:26:40, 7.3125, 1.85, 0.0
2022-09-26T11:27:41, 7.3125, 1.5, 0.0
2022-09-26T11:28:42, 7.3125, 1.42, 0.0
2022-09-26T11:29:43, 7.1875, 1.18, 0.0
2022-09-26T11:30:44, 7.1875, 1.36, 0.0
2022-09-26T11:31:45, 7.25, 1.82, 0.0
2022-09-26T11:32:46, 7.3125, 1.82, 0.0
2022-09-26T11:33:46, 7.3125, 2.29, 0.0
2022-09-26T11:34:47, 7.25, 2.05, 0.0
2022-09-26T11:35:48, 7.3125, 1.97, 0.0
2022-09-26T11:36:49, 7.3125, 1.97, 0.0
2022-09-26T11:37:50, 7.3125, 1.62, 0.0
2022-09-26T11:38:51, 7.375, 2.13, 0.0
2022-09-26T11:39:52, 7.4375, 1.3, 0.0
2022-09-26T11:40:53, 7.5, 2.37, 0.0
2022-09-26T11:41:53, 7.4375, 1.91, 0.0
2022-09-26T11:42:54, 7.4375, 2.09, 0.0
2022-09-26T11:43:55, 7.375, 2.68, 0.0
2022-09-26T11:44:56, 7.4375, 2.82, 0.0
2022-09-26T11:45:57, 7.375, 2.96, 0.0
2022-09-26T11:46:58, 7.3125, 2.27, 0.0
2022-09-26T11:47:59, 7.1875, 1.4, 0.0
2022-09-26T11:48:59, 7.0, 1.01, 0.0
2022-09-26T11:50:00, 7.0, 1.58, 0.0
2022-09-26T11:51:01, 7.0, 2.03, 0.0
2022-09-26T11:52:02, 7.0, 1.72, 0.0
2022-09-26T11:53:03, 7.0625, 2.62, 0.0
2022-09-26T11:54:04, 7.0625, 1.84, 0.0
2022-09-26T11:55:05, 7.0, 1.46, 0.0
2022-09-26T11:56:05, 7.1875, 3.29, 0.0
2022-09-26T11:57:06, 7.1875, 2.41, 0.0
2022-09-26T11:58:07, 7.1875, 2.03, 0.0
2022-09-26T11:59:08, 7.25, 1.95, 0.0
2022-09-26T12:00:09, 7.1875, 1.82, 0.0
2022-09-26T12:01:10, 7.25, 2.31, 0.0
2022-09-26T12:02:11, 7.1875, 1.42, 0.0
2022-09-26T12:03:12, 7.3125, 3.22, 0.0
2022-09-26T12:04:12, 7.3125, 1.8, 0.0
2022-09-26T12:05:13, 7.375, 2.55, 0.0
2022-09-26T12:06:14, 7.3125, 2.13, 0.0
2022-09-26T12:07:15, 7.4375, 2.29, 0.0
2022-09-26T12:08:16, 7.4375, 2.51, 0.0
2022-09-26T12:09:17, 7.375, 1.3, 0.0
2022-09-26T12:10:18, 7.3125, 2.07, 0.0
2022-09-26T12:11:18, 7.3125, 1.52, 0.0
2022-09-26T12:12:19, 7.3125, 0.41, 0.0
2022-09-26T12:13:20, 7.3125, 1.46, 0.0
2022-09-26T12:14:21, 7.375, 1.96, 0.0
2022-09-26T12:15:22, 7.375, 1.24, 0.0
2022-09-26T12:16:23, 7.375, 0.89, 0.0
2022-09-26T12:17:24, 7.4375, 2.13, 0.0
2022-09-26T12:18:24, 7.5, 2.29, 0.0
2022-09-26T12:19:25, 7.5, 1.79, 0.0
2022-09-26T12:20:26, 7.5625, 1.3, 0.0
2022-09-26T12:21:27, 7.5625, 2.31, 0.0
2022-09-26T12:22:28, 7.5625, 1.9, 0.0
2022-09-26T12:23:29, 7.5625, 1.81, 0.0
2022-09-26T12:24:30, 7.5625, 1.66, 0.0
2022-09-26T12:25:30, 7.625, 2.31, 0.0
2022-09-26T12:26:31, 7.5625, 2.13, 0.0
2022-09-26T12:27:32, 7.5625, 1.68, 0.0
2022-09-26T12:28:33, 7.5, 1.86, 0.0
2022-09-26T12:29:34, 7.5, 2.41, 0.0
2022-09-26T12:30:35, 7.5, 2.6, 0.0
2022-09-26T12:31:36, 7.4375, 2.07, 0.0
2022-09-26T12:32:36, 7.4375, 2.21, 0.0
2022-09-26T12:33:37, 7.375, 2.37, 0.0
2022-09-26T12:34:38, 7.4375, 2.01, 0.0
2022-09-26T12:35:39, 7.4375, 2.49, 0.0
2022-09-26T12:36:40, 7.375, 1.95, 0.0
2022-09-26T12:37:41, 7.3125, 0.53, 0.0
2022-09-26T12:38:42, 7.3125, 1.42, 0.0
2022-09-26T12:39:43, 7.3125, 2.05, 0.0
2022-09-26T12:40:43, 7.25, 2.09, 0.0
2022-09-26T12:41:44, 7.3125, 2.27, 0.0
2022-09-26T12:42:45, 7.25, 1.66, 0.0
2022-09-26T12:43:46, 7.3125, 2.6, 0.0
2022-09-26T12:44:47, 7.3125, 1.4, 0.0
2022-09-26T12:45:48, 7.3125, 1.89, 0.0
2022-09-26T12:46:49, 7.3125, 1.95, 0.0
2022-09-26T12:47:49, 7.3125, 3.12, 0.0
2022-09-26T12:48:50, 7.25, 2.25, 0.0
2022-09-26T12:49:51, 7.25, 2.6, 0.0
2022-09-26T12:50:52, 7.25, 2.49, 0.0
2022-09-26T12:51:53, 7.1875, 0.89, 0.0
2022-09-26T12:52:54, 7.125, 1.3, 0.0
2022-09-26T12:53:55, 7.125, 1.93, 0.0
2022-09-26T12:54:55, 7.0625, 1.48, 0.0
2022-09-26T12:55:56, 7.0625, 0.81, 0.0
2022-09-26T12:56:57, 7.1875, 2.23, 0.0
2022-09-26T12:57:58, 7.1875, 1.56, 0.0
2022-09-26T12:58:59, 7.1875, 0.59, 0.0
2022-09-26T13:00:00, 7.1875, 1.12, 0.0
2022-09-26T13:01:01, 7.1875, 1.48, 0.0
2022-09-26T13:02:02, 7.25, 2.27, 0.0
2022-09-26T13:03:02, 7.3125, 1.85, 0.0
2022-09-26T13:04:03, 7.375, 1.8, 0.0
2022-09-26T13:05:04, 7.4375, 2.33, 0.0
2022-09-26T13:06:05, 7.5, 1.68, 0.0
2022-09-26T13:07:06, 7.5625, 2.19, 0.0
2022-09-26T13:08:07, 7.625, 1.97, 0.0
2022-09-26T13:09:08, 7.6875, 1.48, 0.0
2022-09-26T13:10:08, 7.6875, 3.14, 0.0
2022-09-26T13:11:09, 7.6875, 2.19, 0.0
2022-09-26T13:12:10, 7.75, 1.32, 0.0
2022-09-26T13:13:11, 7.75, 1.84, 0.0
2022-09-26T13:14:12, 7.75, 1.52, 0.0
2022-09-26T13:15:13, 7.8125, 3.55, 0.0
2022-09-26T13:16:14, 7.875, 1.97, 0.0
2022-09-26T13:17:15, 7.875, 3.97, 0.0
2022-09-26T13:18:15, 7.9375, 2.86, 0.0
2022-09-26T13:19:16, 7.9375, 2.03, 0.0
2022-09-26T13:20:17, 8.0, 1.93, 0.0
2022-09-26T13:21:18, 8.0, 1.98, 0.0
2022-09-26T13:22:19, 8.0, 3.22, 0.0
2022-09-26T13:23:20, 8.0, 3.3, 0.0
2022-09-26T13:24:21, 8.0625, 3.24, 0.0
2022-09-26T13:25:21, 8.125, 1.66, 0.0
2022-09-26T13:26:22, 8.125, 1.97, 0.0
2022-09-26T13:27:23, 8.125, 3.31, 0.0
2022-09-26T13:28:24, 8.125, 3.53, 0.0
2022-09-26T13:29:25, 8.1875, 2.29, 0.0
2022-09-26T13:30:26, 8.25, 2.49, 0.0
2022-09-26T13:31:27, 8.3125, 3.04, 0.0
2022-09-26T13:32:27, 8.3125, 2.7, 0.0
2022-09-26T13:33:28, 8.375, 2.68, 0.0
2022-09-26T13:34:29, 8.375, 3.79, 0.0
2022-09-26T13:35:30, 8.4375, 2.57, 0.0
2022-09-26T13:36:31, 8.4375, 2.35, 0.0
2022-09-26T13:37:32, 8.5, 1.5, 0.0
2022-09-26T13:38:33, 8.5625, 2.31, 0.0
2022-09-26T13:39:33, 8.5625, 2.63, 0.0
2022-09-26T13:40:34, 8.625, 2.13, 0.0
2022-09-26T13:41:35, 8.625, 3.35, 0.0
2022-09-26T13:42:36, 8.6875, 2.25, 0.0
2022-09-26T13:43:37, 8.75, 1.09, 0.0
2022-09-26T13:44:38, 8.75, 2.19, 0.0
2022-09-26T13:45:39, 8.75, 3.02, 0.0
2022-09-26T13:46:39, 8.8125, 2.82, 0.0
2022-09-26T13:47:40, 8.8125, 4.48, 0.0
2022-09-26T13:48:41, 8.8125, 3.37, 0.0
2022-09-26T13:49:42, 8.875, 3.59, 0.0
2022-09-26T13:50:43, 8.9375, 2.41, 0.0
2022-09-26T13:51:44, 9.0, 3.2, 0.0
2022-09-26T13:52:45, 9.125, 2.49, 0.0
2022-09-26T13:53:45, 9.1875, 3.22, 0.0
2022-09-26T13:54:46, 9.0625, 4.52, 0.0
2022-09-26T13:55:47, 9.0625, 2.47, 0.0
2022-09-26T13:56:48, 9.0625, 2.66, 0.0
2022-09-26T13:57:49, 9.0, 3.16, 0.0
2022-09-26T13:58:50, 9.0, 3.41, 0.0
2022-09-26T13:59:51, 9.125, 2.29, 0.0
2022-09-26T14:00:52, 9.3125, 1.78, 0.0
2022-09-26T14:01:52, 9.4375, 3.57, 0.0
2022-09-26T14:02:53, 9.5625, 1.82, 0.0
2022-09-26T14:03:54, 9.5, 2.19, 0.0
2022-09-26T14:04:55, 9.625, 2.05, 0.0
2022-09-26T14:05:56, 9.6875, 3.71, 0.0
2022-09-26T14:06:57, 9.8125, 2.84, 0.0
2022-09-26T14:07:58, 9.875, 2.43, 0.0
2022-09-26T14:08:58, 9.75, 2.9, 0.0
2022-09-26T14:09:59, 9.875, 2.25, 0.0
2022-09-26T14:11:00, 10.0625, 2.62, 0.0
2022-09-26T14:12:01, 9.9375, 3.16, 0.0
2022-09-26T14:13:02, 9.5, 2.84, 0.0
2022-09-26T14:14:03, 9.5625, 1.78, 0.0
2022-09-26T14:15:04, 9.3125, 2.62, 0.0
2022-09-26T14:16:04, 9.125, 2.76, 0.0
2022-09-26T14:17:05, 8.9375, 3.08, 0.0
2022-09-26T14:18:06, 8.8125, 4.56, 0.0
2022-09-26T14:19:07, 8.75, 3.08, 0.0
2022-09-26T14:20:08, 8.6875, 3.41, 0.0
2022-09-26T14:21:09, 8.625, 3.39, 0.0
2022-09-26T14:22:10, 8.625, 3.06, 0.0
2022-09-26T14:23:10, 8.6875, 2.61, 0.0
2022-09-26T14:24:11, 9.3125, 1.07, 0.0
2022-09-26T14:25:12, 10.375, 0.53, 0.0
2022-09-26T14:26:13, 10.8125, 1.64, 0.0
2022-09-26T14:27:14, 10.3125, 3.12, 0.0
2022-09-26T14:28:15, 9.9375, 2.68, 0.0
2022-09-26T14:29:16, 9.625, 2.57, 0.0
2022-09-26T14:30:16, 9.6875, 3.63, 0.0
2022-09-26T14:31:17, 10.25, 2.15, 0.0
2022-09-26T14:32:18, 11.3125, 1.5, 0.0
2022-09-26T14:33:19, 11.1875, 3.73, 0.0
2022-09-26T14:34:20, 11.0, 3.42, 0.0
2022-09-26T14:35:21, 11.5, 3.22, 0.0
2022-09-26T14:36:22, 11.875, 3.79, 0.0
2022-09-26T14:37:22, 12.125, 2.84, 0.0
2022-09-26T14:38:23, 12.1875, 2.82, 0.0
2022-09-26T14:39:24, 12.375, 2.96, 0.0
2022-09-26T14:40:25, 12.1875, 2.68, 0.0
2022-09-26T14:41:26, 11.5, 3.2, 0.0
2022-09-26T14:42:27, 11.8125, 3.69, 0.0
2022-09-26T14:43:28, 11.75, 3.99, 0.0
2022-09-26T14:44:29, 11.5, 3.93, 0.0
2022-09-26T14:45:29, 11.5, 3.1, 0.0
2022-09-26T14:46:30, 11.5, 3.1, 0.0
2022-09-26T14:47:31, 11.25, 3.81, 0.0
2022-09-26T14:48:32, 11.125, 4.5, 0.0
2022-09-26T14:49:33, 10.9375, 3.24, 0.0
2022-09-26T14:50:34, 11.0, 2.86, 0.0
2022-09-26T14:51:35, 10.875, 3.99, 0.0
2022-09-26T14:52:35, 10.8125, 4.38, 0.0
2022-09-26T14:53:36, 10.75, 2.72, 0.0
2022-09-26T14:54:37, 10.6875, 3.53, 0.0
2022-09-26T14:55:38, 10.4375, 4.32, 0.0
2022-09-26T14:56:39, 10.4375, 2.29, 0.0
2022-09-26T14:57:40, 10.5, 2.74, 0.0
2022-09-26T14:58:41, 10.375, 3.69, 0.0
2022-09-26T14:59:41, 10.3125, 4.14, 0.0
2022-09-26T15:00:42, 10.3125, 2.92, 0.0
2022-09-26T15:01:43, 10.375, 3.22, 0.0
2022-09-26T15:02:44, 10.3125, 4.05, 0.0
2022-09-26T15:03:45, 10.3125, 3.35, 0.0
2022-09-26T15:04:46, 10.4375, 2.49, 0.0
2022-09-26T15:05:47, 10.4375, 2.62, 0.0
2022-09-26T15:06:48, 10.5, 2.62, 0.0
2022-09-26T15:07:48, 10.4375, 3.45, 0.0
2022-09-26T15:08:49, 10.4375, 3.59, 0.0
2022-09-26T15:09:50, 10.375, 4.42, 0.0
2022-09-26T15:10:51, 10.625, 1.87, 0.0
2022-09-26T15:11:52, 10.625, 3.49, 0.0
2022-09-26T15:12:53, 10.5, 3.99, 0.0
2022-09-26T15:13:54, 10.5, 3.71, 0.0
2022-09-26T15:14:54, 10.5625, 3.69, 0.0
2022-09-26T15:15:55, 10.6875, 2.74, 0.0
2022-09-26T15:16:56, 10.8125, 2.53, 0.0
2022-09-26T15:17:57, 11.125, 2.64, 0.0
2022-09-26T15:18:58, 11.25, 3.93, 0.0
2022-09-26T15:19:59, 11.4375, 2.37, 0.0
2022-09-26T15:21:00, 11.625, 2.47, 0.0
2022-09-26T15:22:00, 11.875, 1.72, 0.0
2022-09-26T15:23:01, 11.5, 3.41, 0.0
2022-09-26T15:24:02, 11.5, 3.93, 0.0
2022-09-26T15:25:03, 11.4375, 3.34, 0.0
2022-09-26T15:26:04, 11.375, 2.74, 0.0
2022-09-26T15:27:05, 11.3125, 2.9, 0.0
2022-09-26T15:28:06, 11.3125, 2.56, 0.0
2022-09-26T15:29:06, 11.5, 2.6, 0.0
2022-09-26T15:30:07, 11.8125, 1.89, 0.0
2022-09-26T15:31:08, 11.4375, 3.3, 0.0
2022-09-26T15:32:09, 11.375, 3.93, 0.0
2022-09-26T15:33:10, 11.6875, 2.19, 0.0
2022-09-26T15:34:11, 11.375, 5.62, 0.0
2022-09-26T15:35:12, 11.5625, 3.0, 0.0
2022-09-26T15:36:12, 11.8125, 1.78, 0.0
2022-09-26T15:37:13, 11.5, 4.26, 0.0
2022-09-26T15:38:14, 11.4375, 3.38, 0.0
2022-09-26T15:39:15, 11.6875, 1.56, 0.0
2022-09-26T15:40:16, 11.75, 4.04, 0.0
2022-09-26T15:41:17, 11.8125, 4.26, 0.0
2022-09-26T15:42:18, 11.6875, 4.5, 0.0
2022-09-26T15:43:18, 11.9375, 3.22, 0.0
2022-09-26T15:44:19, 12.0, 2.07, 0.0
2022-09-26T15:45:20, 12.375, 1.36, 0.0
2022-09-26T15:46:21, 12.3125, 1.89, 0.0
2022-09-26T15:47:22, 11.75, 3.95, 0.0
2022-09-26T15:48:23, 11.5, 5.23, 0.0
2022-09-26T15:49:24, 11.5625, 3.87, 0.0
2022-09-26T15:50:24, 11.5, 3.91, 0.0
2022-09-26T15:51:25, 11.375, 4.76, 0.0
2022-09-26T15:52:26, 11.5, 4.64, 0.0
2022-09-26T15:53:27, 11.875, 1.78, 0.0
2022-09-26T15:54:28, 12.0625, 1.89, 0.0
2022-09-26T15:55:29, 12.125, 1.64, 0.0
2022-09-26T15:56:30, 12.125, 2.17, 0.0
2022-09-26T15:57:30, 12.0625, 3.1, 0.0
2022-09-26T15:58:31, 11.9375, 2.98, 0.0
2022-09-26T15:59:32, 11.75, 3.49, 0.0
2022-09-26T16:00:33, 11.8125, 2.66, 0.0
2022-09-26T16:01:34, 11.75, 2.64, 0.0
2022-09-26T16:02:35, 12.0, 3.04, 0.0
2022-09-26T16:03:36, 12.0625, 4.82, 0.0
2022-09-26T16:04:37, 12.125, 4.91, 0.0
2022-09-26T16:05:37, 12.0, 4.66, 0.0
2022-09-26T16:06:38, 12.5625, 2.88, 0.0
2022-09-26T16:07:39, 12.625, 3.73, 0.0
2022-09-26T16:08:40, 13.3125, 3.12, 0.0
2022-09-26T16:09:41, 13.0625, 3.3, 0.0
2022-09-26T16:10:42, 12.5625, 4.3, 0.0
2022-09-26T16:11:43, 12.25, 4.8, 0.0
2022-09-26T16:12:43, 12.3125, 3.69, 0.0
2022-09-26T16:13:44, 12.4375, 3.0, 0.0
2022-09-26T16:14:45, 12.5, 3.77, 0.0
2022-09-26T16:15:46, 12.6875, 3.12, 0.0
2022-09-26T16:16:47, 12.75, 3.39, 0.0
2022-09-26T16:17:48, 12.9375, 1.5, 0.0
2022-09-26T16:18:49, 13.0, 1.52, 0.0
2022-09-26T16:19:49, 12.75, 3.12, 0.0
2022-09-26T16:20:50, 12.375, 3.89, 0.0
2022-09-26T16:21:51, 12.375, 2.94, 0.0
2022-09-26T16:22:52, 12.0625, 4.64, 0.0
2022-09-26T16:23:53, 11.9375, 4.74, 0.0
2022-09-26T16:24:54, 12.0, 4.4, 0.0
2022-09-26T16:25:55, 12.0, 4.05, 0.0
2022-09-26T16:26:56, 12.1875, 2.86, 0.0
2022-09-26T16:27:56, 12.1875, 4.58, 0.0
2022-09-26T16:28:57, 12.3125, 2.25, 0.0
2022-09-26T16:29:58, 12.375, 2.7, 0.0
2022-09-26T16:30:59, 12.4375, 2.69, 0.0
2022-09-26T16:32:00, 12.4375, 4.42, 0.0
2022-09-26T16:33:01, 12.5, 3.31, 0.0
2022-09-26T16:34:02, 12.625, 3.53, 0.0
2022-09-26T16:35:02, 12.5, 3.51, 0.0
2022-09-26T16:36:03, 12.5625, 4.36, 0.0
2022-09-26T16:37:04, 12.75, 3.2, 0.0
2022-09-26T16:38:05, 12.75, 3.67, 0.0
2022-09-26T16:39:06, 13.5625, 3.14, 0.0
2022-09-26T16:40:07, 13.3125, 3.55, 0.0
2022-09-26T16:41:08, 13.0, 3.61, 0.0
2022-09-26T16:42:08, 12.6875, 3.59, 0.0
2022-09-26T16:43:09, 12.375, 4.05, 0.0
2022-09-26T16:44:10, 12.5625, 1.8, 0.0
2022-09-26T16:45:11, 12.6875, 1.05, 0.0
2022-09-26T16:46:12, 12.625, 2.65, 0.0
2022-09-26T16:47:13, 12.375, 4.28, 0.0
2022-09-26T16:48:13, 12.125, 6.27, 0.0
2022-09-26T16:49:14, 12.125, 4.4, 0.0
2022-09-26T16:50:15, 12.1875, 5.23, 0.0
2022-09-26T16:51:16, 12.0, 7.38, 0.0
2022-09-26T16:52:17, 12.5, 1.99, 0.0
2022-09-26T16:53:18, 12.25, 4.58, 0.0
2022-09-26T16:54:19, 12.125, 4.8, 0.0
2022-09-26T16:55:19, 12.125, 3.69, 0.0
2022-09-26T16:56:20, 12.125, 4.08, 0.0
2022-09-26T16:57:21, 12.1875, 5.62, 0.0
2022-09-26T16:58:22, 12.3125, 3.91, 0.0
2022-09-26T16:59:23, 12.5625, 2.57, 0.0
2022-09-26T17:00:24, 12.25, 4.09, 0.0
2022-09-26T17:01:25, 12.1875, 3.98, 0.0
2022-09-26T17:02:25, 11.875, 2.29, 0.0
2022-09-26T17:03:26, 11.4375, 4.26, 0.0
2022-09-26T17:04:27, 11.8125, 3.87, 0.0
2022-09-26T17:05:28, 12.6875, 3.04, 0.0
2022-09-26T17:06:29, 13.4375, 5.23, 0.0
2022-09-26T17:07:30, 15.1875, 1.54, 0.0
2022-09-26T17:08:31, 14.75, 2.94, 0.0
2022-09-26T17:09:32, 13.875, 3.91, 0.0
2022-09-26T17:10:32, 12.625, 5.19, 0.0
2022-09-26T17:11:33, 12.25, 2.23, 0.0
2022-09-26T17:12:34, 11.8125, 3.73, 0.0
2022-09-26T17:13:35, 10.8125, 3.97, 0.0
2022-09-26T17:14:36, 10.25, 3.22, 0.0
2022-09-26T17:15:37, 9.6875, 3.65, 0.0
2022-09-26T17:16:38, 9.5625, 4.18, 0.28
2022-09-26T17:17:38, 9.375, 3.22, 0.0
2022-09-26T17:18:39, 9.25, 4.2, 0.0
2022-09-26T17:19:40, 9.25, 1.95, 0.0
2022-09-26T17:20:41, 9.125, 3.31, 0.0
2022-09-26T17:21:42, 9.0625, 3.57, 0.0
2022-09-26T17:22:43, 9.0625, 3.08, 0.0
2022-09-26T17:23:44, 9.5, 2.64, 0.0
2022-09-26T17:24:44, 10.375, 2.86, 0.0
2022-09-26T17:25:45, 11.4375, 1.09, 0.0
2022-09-26T17:26:46, 11.5, 2.47, 0.0
2022-09-26T17:27:47, 11.4375, 4.1, 0.0
2022-09-26T17:28:48, 12.4375, 2.47, 0.0
2022-09-26T17:29:49, 12.625, 1.95, 0.0
2022-09-26T17:30:50, 12.6875, 2.92, 0.0
2022-09-26T17:31:50, 12.5, 3.34, 0.0
2022-09-26T17:32:51, 13.0625, 3.16, 0.0
2022-09-26T17:33:52, 13.375, 2.82, 0.0
2022-09-26T17:34:53, 13.25, 3.91, 0.0
2022-09-26T17:35:54, 12.9375, 2.98, 0.0
2022-09-26T17:36:55, 11.875, 4.46, 0.0
2022-09-26T17:37:56, 11.4375, 4.08, 0.0
2022-09-26T17:38:57, 11.1875, 4.26, 0.0
2022-09-26T17:39:57, 11.3125, 2.86, 0.0
2022-09-26T17:40:58, 11.5, 2.05, 0.0
2022-09-26T17:41:59, 11.5, 1.42, 0.0
2022-09-26T17:43:00, 11.3125, 1.48, 0.0
2022-09-26T17:44:01, 11.0, 2.13, 0.0
2022-09-26T17:45:02, 10.75, 2.76, 0.0
2022-09-26T17:46:03, 10.6875, 3.2, 0.0
2022-09-26T17:47:03, 10.625, 1.56, 0.0
2022-09-26T17:48:04, 10.5, 2.19, 0.0
2022-09-26T17:49:05, 10.4375, 3.75, 0.0
2022-09-26T17:50:06, 10.6875, 3.63, 0.0
2022-09-26T17:51:07, 11.6875, 2.05, 0.0
2022-09-26T17:52:08, 11.625, 2.7, 0.0
2022-09-26T17:53:09, 12.1875, 1.89, 0.0
2022-09-26T17:54:09, 12.4375, 2.07, 0.0
2022-09-26T17:55:10, 13.25, 1.72, 0.0
2022-09-26T17:56:11, 13.0, 2.55, 0.0
2022-09-26T17:57:12, 13.1875, 2.15, 0.0
2022-09-26T17:58:13, 14.125, 1.84, 0.0
2022-09-26T17:59:14, 13.0, 4.52, 0.0
2022-09-26T18:00:15, 12.625, 2.15, 0.0
2022-09-26T18:01:16, 12.4375, 3.04, 0.0
2022-09-26T18:02:16, 12.25, 2.8, 0.0
2022-09-26T18:03:17, 12.1875, 2.64, 0.0
2022-09-26T18:04:18, 11.75, 4.46, 0.0
2022-09-26T18:05:19, 11.6875, 3.53, 0.0
2022-09-26T18:06:20, 11.6875, 2.6, 0.0
2022-09-26T18:07:21, 11.75, 2.13, 0.0
2022-09-26T18:08:22, 11.6875, 2.13, 0.0
2022-09-26T18:09:22, 11.8125, 1.24, 0.0
2022-09-26T18:10:23, 11.6875, 1.16, 0.0
2022-09-26T18:11:24, 11.125, 2.01, 0.0
2022-09-26T18:12:25, 10.5625, 2.53, 0.28
2022-09-26T18:13:26, 10.375, 1.91, 0.0
2022-09-26T18:14:27, 10.125, 1.97, 0.0
2022-09-26T18:15:28, 9.875, 2.86, 0.0
2022-09-26T18:16:29, 9.625, 2.6, 0.28
2022-09-26T18:17:29, 9.5, 3.37, 0.0
2022-09-26T18:18:30, 9.3125, 2.51, 0.28
2022-09-26T18:19:31, 9.4375, 1.72, 0.28
2022-09-26T18:20:32, 9.3125, 4.36, 0.0
2022-09-26T18:21:33, 9.3125, 3.1, 0.28
2022-09-26T18:22:34, 9.375, 2.74, 0.0
2022-09-26T18:23:35, 9.375, 2.84, 0.0
2022-09-26T18:24:35, 9.5, 2.7, 0.0
2022-09-26T18:25:36, 9.375, 3.2, 0.0
2022-09-26T18:26:37, 9.1875, 3.12, 0.28
2022-09-26T18:27:38, 9.25, 2.51, 0.0
2022-09-26T18:28:39, 9.125, 3.53, 0.0
2022-09-26T18:29:40, 9.0625, 2.39, 0.0
2022-09-26T18:30:41, 9.0625, 2.64, 0.28
2022-09-26T18:31:41, 9.0625, 2.43, 0.0
2022-09-26T18:32:42, 9.125, 1.76, 0.0
2022-09-26T18:33:43, 9.0625, 2.13, 0.28
2022-09-26T18:34:44, 9.0, 2.05, 0.0
2022-09-26T18:35:45, 9.0, 3.61, 0.0
2022-09-26T18:36:46, 8.9375, 3.12, 0.28
2022-09-26T18:37:47, 8.875, 4.16, 0.0
2022-09-26T18:38:47, 9.0, 3.43, 0.0
2022-09-26T18:39:48, 9.1875, 2.68, 0.0
2022-09-26T18:40:49, 9.375, 2.96, 0.0
2022-09-26T18:41:50, 9.375, 2.49, 0.0
2022-09-26T18:42:51, 9.8125, 2.07, 0.0
2022-09-26T18:43:52, 10.0625, 2.64, 0.0
2022-09-26T18:44:53, 11.125, 1.52, 0.0
2022-09-26T18:45:53, 11.875, 1.56, 0.0
2022-09-26T18:46:54, 12.0, 1.66, 0.0
2022-09-26T18:47:55, 10.6875, 3.24, 0.0
2022-09-26T18:48:56, 10.375, 2.43, 0.0
2022-09-26T18:49:57, 10.125, 2.05, 0.0
2022-09-26T18:50:58, 10.0625, 1.84, 0.0
2022-09-26T18:51:59, 9.9375, 2.31, 0.0
2022-09-26T18:53:00, 9.9375, 2.11, 0.0
2022-09-26T18:54:00, 9.6875, 2.01, 0.0
2022-09-26T18:55:01, 9.75, 2.09, 0.0
2022-09-26T18:56:02, 9.6875, 2.86, 0.0
2022-09-26T18:57:03, 9.375, 3.89, 0.0
2022-09-26T18:58:04, 9.4375, 3.26, 0.0
2022-09-26T18:59:05, 9.5625, 1.89, 0.0
2022-09-26T19:00:06, 9.5, 1.74, 0.0
2022-09-26T19:01:06, 9.5625, 2.25, 0.0
2022-09-26T19:02:07, 9.5625, 2.11, 0.0
2022-09-26T19:03:08, 9.6875, 1.62, 0.0
2022-09-26T19:04:09, 9.75, 1.7, 0.0
2022-09-26T19:05:10, 9.9375, 1.36, 0.0
2022-09-26T19:06:11, 9.9375, 1.36, 0.0
2022-09-26T19:07:12, 9.8125, 1.66, 0.0
2022-09-26T19:08:12, 9.9375, 1.24, 0.0
2022-09-26T19:09:13, 10.0, 1.26, 0.0
2022-09-26T19:10:14, 9.875, 1.24, 0.0
2022-09-26T19:11:15, 10.0, 1.28, 0.0
2022-09-26T19:12:16, 9.9375, 1.36, 0.0
2022-09-26T19:13:17, 10.1875, 0.85, 0.0
2022-09-26T19:14:18, 10.4375, 0.89, 0.0
2022-09-26T19:15:18, 10.375, 1.13, 0.0
2022-09-26T19:16:19, 10.8125, 0.93, 0.0
2022-09-26T19:17:20, 11.125, 0.71, 0.0
2022-09-26T19:18:21, 11.1875, 1.2, 0.0
2022-09-26T19:19:22, 11.25, 1.07, 0.0
2022-09-26T19:20:23, 11.25, 1.05, 0.0
2022-09-26T19:21:24, 11.4375, 0.65, 0.0
2022-09-26T19:22:24, 10.9375, 1.46, 0.0
2022-09-26T19:23:25, 10.8125, 1.09, 0.0
2022-09-26T19:24:26, 10.9375, 0.99, 0.0
2022-09-26T19:25:27, 11.25, 0.38, 0.0
2022-09-26T19:26:28, 11.0, 0.93, 0.0
2022-09-26T19:27:29, 11.0, 1.95, 0.0
2022-09-26T19:28:30, 10.875, 1.46, 0.0
2022-09-26T19:29:30, 11.0, 0.97, 0.0
2022-09-26T19:30:31, 11.4375, 0.55, 0.0
2022-09-26T19:31:32, 11.375, 1.18, 0.0
2022-09-26T19:32:33, 11.25, 1.89, 0.0
2022-09-26T19:33:34, 10.9375, 2.27, 0.0
2022-09-26T19:34:35, 11.125, 1.8, 0.0
2022-09-26T19:35:36, 10.875, 2.51, 0.0
2022-09-26T19:36:36, 11.4375, 1.26, 0.0
2022-09-26T19:37:37, 11.125, 1.62, 0.0
2022-09-26T19:38:38, 11.0, 1.62, 0.0
2022-09-26T19:39:39, 11.0, 1.44, 0.0
2022-09-26T19:40:40, 11.125, 0.75, 0.0
2022-09-26T19:41:41, 10.5, 2.82, 0.0
2022-09-26T19:42:42, 10.4375, 1.8, 0.0
2022-09-26T19:43:42, 10.4375, 1.94, 0.0
2022-09-26T19:44:43, 10.5, 1.95, 0.0
2022-09-26T19:45:44, 10.5625, 2.05, 0.0
2022-09-26T19:46:45, 10.625, 1.2, 0.0
2022-09-26T19:47:46, 10.75, 0.24, 0.0
2022-09-26T19:48:47, 11.0, 0.89, 0.0
2022-09-26T19:49:48, 11.1875, 1.14, 0.0
2022-09-26T19:50:48, 11.1875, 1.78, 0.0
2022-09-26T19:51:49, 10.9375, 1.74, 0.0
2022-09-26T19:52:50, 10.8125, 1.68, 0.0
2022-09-26T19:53:51, 10.8125, 1.48, 0.0
2022-09-26T19:54:52, 11.125, 1.05, 0.0
2022-09-26T19:55:53, 11.0, 1.48, 0.0
2022-09-26T19:56:54, 11.125, 1.2, 0.0
2022-09-26T19:57:54, 10.9375, 1.46, 0.0
2022-09-26T19:58:55, 11.0, 0.59, 0.0
2022-09-26T19:59:56, 11.0, 1.05, 0.0
2022-09-26T20:00:57, 11.0, 1.32, 0.0
2022-09-26T20:01:58, 11.0, 2.07, 0.0
2022-09-26T20:02:59, 11.125, 0.87, 0.0
2022-09-26T20:04:00, 11.5, 0.83, 0.0
2022-09-26T20:05:01, 11.6875, 0.3, 0.0
2022-09-26T20:06:01, 11.5, 0.87, 0.0
2022-09-26T20:07:02, 11.375, 1.62, 0.0
2022-09-26T20:08:03, 11.9375, 1.74, 0.0
2022-09-26T20:09:04, 12.8125, 1.14, 0.0
2022-09-26T20:10:05, 12.875, 1.09, 0.0
2022-09-26T20:11:06, 12.1875, 1.18, 0.0
2022-09-26T20:12:07, 11.625, 1.68, 0.0
2022-09-26T20:13:07, 11.5, 1.95, 0.0
2022-09-26T20:14:08, 11.5625, 1.03, 0.0
2022-09-26T20:15:09, 11.3125, 1.36, 0.0
2022-09-26T20:16:10, 11.25, 1.64, 0.0
2022-09-26T20:17:11, 11.125, 1.93, 0.0
2022-09-26T20:18:12, 11.0625, 1.24, 0.0
2022-09-26T20:19:13, 11.1875, 0.81, 0.0
2022-09-26T20:20:13, 11.125, 1.03, 0.0
2022-09-26T20:21:14, 11.3125, 0.41, 0.0
2022-09-26T20:22:15, 11.25, 0.89, 0.0
2022-09-26T20:23:16, 10.9375, 1.7, 0.0
2022-09-26T20:24:17, 10.8125, 1.68, 0.0
2022-09-26T20:25:18, 10.8125, 1.66, 0.0
2022-09-26T20:26:19, 10.8125, 0.83, 0.0
2022-09-26T20:27:19, 10.875, 0.45, 0.0
2022-09-26T20:28:20, 10.875, 0.95, 0.0
2022-09-26T20:29:21, 10.8125, 1.26, 0.0
2022-09-26T20:30:22, 11.0625, 0.65, 0.0
2022-09-26T20:31:23, 10.875, 1.8, 0.0
2022-09-26T20:32:24, 10.9375, 1.46, 0.0
2022-09-26T20:33:25, 10.875, 2.64, 0.0
2022-09-26T20:34:25, 10.8125, 1.5, 0.0
2022-09-26T20:35:26, 10.875, 1.68, 0.0
2022-09-26T20:36:27, 10.9375, 0.95, 0.0
2022-09-26T20:37:28, 11.0625, 0.97, 0.0
2022-09-26T20:38:29, 10.9375, 0.99, 0.0
2022-09-26T20:39:30, 10.875, 1.07, 0.0
2022-09-26T20:40:31, 10.875, 0.53, 0.0
2022-09-26T20:41:31, 10.625, 0.45, 0.0
2022-09-26T20:42:32, 10.3125, 1.16, 0.0
2022-09-26T20:43:33, 10.4375, 0.53, 0.0
2022-09-26T20:44:34, 10.4375, 1.12, 0.0
2022-09-26T20:45:35, 10.125, 1.8, 0.0
2022-09-26T20:46:36, 9.6875, 3.2, 0.0
2022-09-26T20:47:37, 9.4375, 3.37, 0.0
2022-09-26T20:48:37, 9.25, 3.22, 0.0
2022-09-26T20:49:38, 9.0625, 2.35, 0.0
2022-09-26T20:50:39, 9.0625, 3.93, 0.0
2022-09-26T20:51:40, 9.125, 2.62, 0.0
2022-09-26T20:52:41, 9.125, 3.39, 0.0
2022-09-26T20:53:42, 9.1875, 3.0, 0.0
2022-09-26T20:54:43, 9.25, 3.04, 0.0
2022-09-26T20:55:44, 9.4375, 2.55, 0.0
2022-09-26T20:56:44, 9.3125, 2.86, 0.0
2022-09-26T20:57:45, 9.4375, 3.26, 0.0
2022-09-26T20:58:46, 9.6875, 1.3, 0.0
2022-09-26T20:59:47, 9.75, 2.57, 0.0
2022-09-26T21:00:48, 9.5625, 3.02, 0.0
2022-09-26T21:01:49, 9.625, 2.62, 0.0
2022-09-26T21:02:50, 10.0, 2.13, 0.0
2022-09-26T21:03:50, 9.9375, 1.82, 0.0
2022-09-26T21:04:51, 9.8125, 1.93, 0.0
2022-09-26T21:05:52, 9.75, 2.62, 0.0
2022-09-26T21:06:53, 9.875, 2.21, 0.0
2022-09-26T21:07:54, 10.0625, 0.81, 0.0
2022-09-26T21:08:55, 10.1875, 0.69, 0.0
2022-09-26T21:09:56, 10.25, 1.24, 0.0
2022-09-26T21:10:57, 10.75, 1.24, 0.0
2022-09-26T21:11:57, 10.5, 2.78, 0.0
2022-09-26T21:12:58, 10.75, 1.4, 0.0
2022-09-26T21:13:59, 10.5, 2.45, 0.0
2022-09-26T21:15:00, 10.25, 2.21, 0.0
2022-09-26T21:16:01, 10.1875, 2.45, 0.0
2022-09-26T21:17:02, 10.1875, 2.62, 0.0
2022-09-26T21:18:03, 10.3125, 1.95, 0.0
2022-09-26T21:19:03, 10.1875, 2.37, 0.0
2022-09-26T21:20:04, 9.875, 3.81, 0.0
2022-09-26T21:21:05, 9.9375, 1.95, 0.0
2022-09-26T21:22:06, 9.875, 3.2, 0.0
2022-09-26T21:23:07, 10.25, 1.89, 0.0
2022-09-26T21:24:08, 10.25, 2.6, 0.0
2022-09-26T21:25:09, 10.1875, 2.78, 0.0
2022-09-26T21:26:09, 10.25, 2.59, 0.0
2022-09-26T21:27:10, 10.25, 2.43, 0.0
2022-09-26T21:28:11, 10.0625, 3.51, 0.0
2022-09-26T21:29:12, 10.1875, 1.95, 0.0
2022-09-26T21:30:13, 9.9375, 3.71, 0.0
2022-09-26T21:31:14, 9.875, 2.59, 0.0
2022-09-26T21:32:15, 9.875, 1.82, 0.0
2022-09-26T21:33:16, 9.75, 3.83, 0.0
2022-09-26T21:34:16, 9.625, 3.83, 0.0
2022-09-26T21:35:17, 9.6875, 2.6, 0.0
2022-09-26T21:36:18, 9.5625, 3.2, 0.0
2022-09-26T21:37:19, 9.375, 3.37, 0.0
2022-09-26T21:38:20, 9.25, 2.76, 0.0
2022-09-26T21:39:21, 9.25, 2.17, 0.0
2022-09-26T21:40:22, 9.125, 2.74, 0.0
2022-09-26T21:41:22, 9.125, 2.03, 0.28
2022-09-26T21:42:23, 9.0625, 2.59, 0.0
2022-09-26T21:43:24, 9.125, 2.09, 0.0
2022-09-26T21:44:25, 9.125, 2.45, 0.0
2022-09-26T21:45:26, 9.0625, 3.24, 0.0
2022-09-26T21:46:27, 9.0625, 2.88, 0.0
2022-09-26T21:47:28, 9.0625, 2.41, 0.0
2022-09-26T21:48:29, 9.0625, 3.3, 0.0
2022-09-26T21:49:29, 9.0625, 2.6, 0.0
2022-09-26T21:50:30, 8.9375, 3.89, 0.0
2022-09-26T21:51:31, 8.9375, 3.57, 0.0
2022-09-26T21:52:32, 8.875, 3.77, 0.0
2022-09-26T21:53:33, 8.875, 2.57, 0.0
2022-09-26T21:54:34, 9.0, 2.41, 0.0
2022-09-26T21:55:35, 8.9375, 2.57, 0.0
2022-09-26T21:56:35, 9.0625, 3.97, 0.0
2022-09-26T21:57:36, 9.125, 3.0, 0.0
2022-09-26T21:58:37, 9.3125, 2.55, 0.0
2022-09-26T21:59:38, 9.375, 3.1, 0.0
2022-09-26T22:00:39, 9.625, 1.99, 0.0
2022-09-26T22:01:40, 9.875, 2.49, 0.0
2022-09-26T22:02:41, 9.75, 3.02, 0.0
2022-09-26T22:03:41, 9.5625, 1.89, 0.0
2022-09-26T22:04:42, 9.5, 1.74, 0.0
2022-09-26T22:05:43, 9.375, 2.27, 0.0
2022-09-26T22:06:44, 9.1875, 2.82, 0.0
2022-09-26T22:07:45, 9.125, 3.18, 0.0
2022-09-26T22:08:46, 9.0625, 3.35, 0.0
2022-09-26T22:09:47, 9.1875, 1.97, 0.0
2022-09-26T22:10:47, 9.25, 1.64, 0.0
2022-09-26T22:11:48, 9.3125, 1.48, 0.0
2022-09-26T22:12:49, 9.4375, 1.18, 0.0
2022-09-26T22:13:50, 9.5, 1.82, 0.0
2022-09-26T22:14:51, 9.5, 2.63, 0.0
2022-09-26T22:15:52, 9.5625, 1.8, 0.0
2022-09-26T22:16:53, 9.625, 1.89, 0.0
2022-09-26T22:17:53, 9.5625, 1.54, 0.0
2022-09-26T22:18:54, 9.5625, 2.47, 0.0
2022-09-26T22:19:55, 9.5625, 1.7, 0.0
2022-09-26T22:20:56, 9.4375, 2.27, 0.0
2022-09-26T22:21:57, 9.5, 1.96, 0.0
2022-09-26T22:22:58, 9.5625, 1.58, 0.0
2022-09-26T22:23:59, 9.5, 1.82, 0.0
2022-09-26T22:25:00, 9.4375, 2.49, 0.0
2022-09-26T22:26:00, 9.4375, 1.91, 0.0
2022-09-26T22:27:01, 9.25, 2.31, 0.0
2022-09-26T22:28:02, 9.3125, 2.07, 0.0
2022-09-26T22:29:03, 9.25, 2.96, 0.0
2022-09-26T22:30:04, 9.3125, 2.23, 0.0
2022-09-26T22:31:05, 9.4375, 2.17, 0.0
2022-09-26T22:32:06, 9.4375, 1.97, 0.0
2022-09-26T22:33:06, 9.4375, 2.09, 0.0
2022-09-26T22:34:07, 9.4375, 2.8, 0.0
2022-09-26T22:35:08, 9.4375, 1.87, 0.0
2022-09-26T22:36:09, 9.4375, 1.11, 0.0
2022-09-26T22:37:10, 9.375, 2.47, 0.0
2022-09-26T22:38:11, 9.3125, 2.88, 0.0
2022-09-26T22:39:12, 9.25, 1.82, 0.0
2022-09-26T22:40:12, 9.25, 2.41, 0.0
2022-09-26T22:41:13, 9.25, 1.28, 0.0
2022-09-26T22:42:14, 9.25, 1.28, 0.0
2022-09-26T22:43:15, 9.1875, 2.07, 0.0
2022-09-26T22:44:16, 9.125, 3.02, 0.0
2022-09-26T22:45:17, 9.1875, 1.93, 0.0
2022-09-26T22:46:18, 9.25, 1.44, 0.0
2022-09-26T22:47:18, 9.1875, 2.39, 0.0
2022-09-26T22:48:19, 9.1875, 1.09, 0.0
2022-09-26T22:49:20, 9.1875, 2.11, 0.0
2022-09-26T22:50:21, 9.1875, 2.35, 0.0
2022-09-26T22:51:22, 9.1875, 2.03, 0.0
2022-09-26T22:52:23, 9.125, 1.89, 0.0
2022-09-26T22:53:24, 9.125, 2.49, 0.0
2022-09-26T22:54:24, 9.125, 1.22, 0.0
2022-09-26T22:55:25, 9.125, 1.44, 0.0
2022-09-26T22:56:26, 8.9375, 2.66, 0.0
2022-09-26T22:57:27, 8.875, 2.25, 0.0
2022-09-26T22:58:28, 8.75, 1.84, 0.0
2022-09-26T22:59:29, 8.75, 2.45, 0.0
2022-09-26T23:00:30, 8.6875, 1.82, 0.0
2022-09-26T23:01:30, 8.6875, 2.09, 0.0
2022-09-26T23:02:31, 8.6875, 2.55, 0.0
2022-09-26T23:03:32, 8.75, 1.99, 0.0
2022-09-26T23:04:33, 8.75, 2.09, 0.0
2022-09-26T23:05:34, 8.75, 1.81, 0.0
2022-09-26T23:06:35, 8.75, 1.64, 0.0
2022-09-26T23:07:36, 8.75, 1.72, 0.0
2022-09-26T23:08:37, 8.8125, 1.11, 0.0
2022-09-26T23:09:37, 9.0, 1.01, 0.0
2022-09-26T23:10:38, 8.8125, 0.91, 0.0
2022-09-26T23:11:39, 8.75, 2.11, 0.0
2022-09-26T23:12:40, 8.6875, 1.46, 0.0
2022-09-26T23:13:41, 8.6875, 1.5, 0.0
2022-09-26T23:14:42, 8.625, 1.62, 0.0
2022-09-26T23:15:43, 8.625, 1.03, 0.0
2022-09-26T23:16:43, 8.6875, 1.1, 0.0
2022-09-26T23:17:44, 8.6875, 1.22, 0.0
2022-09-26T23:18:45, 8.6875, 0.91, 0.0
2022-09-26T23:19:46, 8.6875, 1.93, 0.0
2022-09-26T23:20:47, 8.625, 1.52, 0.0
2022-09-26T23:21:48, 8.5625, 1.6, 0.0
2022-09-26T23:22:49, 8.5, 1.07, 0.0
2022-09-26T23:23:49, 8.5, 1.24, 0.0
2022-09-26T23:24:50, 8.4375, 0.79, 0.0
2022-09-26T23:25:51, 8.375, 0.59, 0.0
2022-09-26T23:26:52, 8.3125, 0.63, 0.0
2022-09-26T23:27:53, 8.4375, 1.01, 0.0
2022-09-26T23:28:54, 8.375, 1.03, 0.0
2022-09-26T23:29:55, 8.3125, 0.81, 0.0
2022-09-26T23:30:55, 8.3125, 0.43, 0.0
2022-09-26T23:31:56, 8.25, 0.69, 0.0
2022-09-26T23:32:57, 8.125, 0.53, 0.0
2022-09-26T23:33:58, 8.125, 0.87, 0.0
2022-09-26T23:34:59, 8.0, 0.69, 0.0
2022-09-26T23:36:00, 8.0, 0.24, 0.0
2022-09-26T23:37:01, 8.0, 0.14, 0.0
2022-09-26T23:38:01, 7.9375, 0.08, 0.0
2022-09-26T23:39:02, 8.0, 0.47, 0.0
2022-09-26T23:40:03, 8.0625, 0.73, 0.0
2022-09-26T23:41:04, 8.125, 0.63, 0.0
2022-09-26T23:42:05, 8.1875, 1.16, 0.0
2022-09-26T23:43:06, 8.1875, 0.83, 0.0
2022-09-26T23:44:07, 8.125, 0.87, 0.0
2022-09-26T23:45:07, 8.25, 0.89, 0.0
2022-09-26T23:46:08, 8.125, 0.3, 0.0
2022-09-26T23:47:09, 7.8125, 0.49, 0.0
2022-09-26T23:48:10, 7.9375, 0.77, 0.0
2022-09-26T23:49:11, 8.0, 1.07, 0.0
2022-09-26T23:50:12, 8.0625, 1.16, 0.0
2022-09-26T23:51:13, 7.9375, 0.53, 0.0
2022-09-26T23:52:13, 8.0, 0.4, 0.0
2022-09-26T23:53:14, 8.0625, 0.32, 0.0
2022-09-26T23:54:15, 8.0, 0.91, 0.0
2022-09-26T23:55:16, 7.875, 0.89, 0.0
2022-09-26T23:56:17, 7.875, 0.59, 0.0
2022-09-26T23:57:18, 8.0625, 0.83, 0.0
2022-09-26T23:58:19, 8.1875, 2.15, 0.0
2022-09-26T23:59:19, 8.125, 1.18, 0.0
2022-09-27T00:00:20, 8.0, 0.71, 0.0
2022-09-27T00:01:21, 7.9375, 0.65, 0.0
2022-09-27T00:02:22, 7.75, 0.55, 0.0
2022-09-27T00:03:23, 7.6875, 0.28, 0.0
2022-09-27T00:04:24, 7.5, 0.04, 0.0
2022-09-27T00:05:25, 7.5625, 0.22, 0.0
2022-09-27T00:06:25, 7.5, 0.0, 0.0
2022-09-27T00:07:26, 7.625, 0.1, 0.0
