Pi weather station data from codename justice_for_Toph, initialised Sun Sep 25 18:50:38 2022
Format YYYY-MM-DDTHH:MM:SS, Temperature [degC], Wind speed [km/h], Rainfall [mm]
Temperature is instantaneous, wind speed is averaged since previous measurement,
rainfall is accumulated since previous measurement.

time,temperature_degC,wind_speed_km/h,rainfall_mm
2022-09-25T18:50:39, 22.1875, 0.0, 0.0
2022-09-25T18:51:40, 22.375, 0.04, 0.0
2022-09-25T18:52:40, 23.25, 0.12, 0.0
2022-09-25T18:53:41, 23.125, 0.04, 0.28
2022-09-25T18:54:42, 22.875, 0.0, 0.0
2022-09-25T18:55:43, 22.6875, 0.0, 0.0
2022-09-25T18:56:44, 22.4375, 0.0, 0.0
2022-09-25T18:57:45, 22.3125, 0.0, 0.0
2022-09-25T18:58:46, 22.125, 0.0, 0.0
2022-09-25T18:59:46, 22.0625, 0.0, 0.0
2022-09-25T19:00:47, 21.9375, 0.16, 0.0
2022-09-25T19:01:48, 22.3125, 1.6, 0.0
2022-09-25T19:02:49, 22.125, 0.18, 0.0
2022-09-25T19:03:50, 22.0625, 0.0, 0.0
2022-09-25T19:04:51, 22.0, 0.0, 0.0
2022-09-25T19:05:52, 21.9375, 0.0, 0.0
2022-09-25T19:06:52, 21.9375, 0.0, 0.0
2022-09-25T19:07:53, 21.9375, 0.0, 0.0
2022-09-25T19:08:54, 21.875, 0.0, 0.0
2022-09-25T19:09:55, 21.8125, 0.0, 0.0
2022-09-25T19:10:56, 21.875, 0.0, 0.0
2022-09-25T19:11:57, 21.875, 0.0, 0.0
2022-09-25T19:12:58, 21.9375, 1.3, 0.0
2022-09-25T19:13:58, 22.0, 0.0, 0.0
2022-09-25T19:14:59, 21.8125, 0.18, 0.0
2022-09-25T19:16:00, 17.875, 0.71, 0.0
2022-09-25T19:17:01, 14.25, 2.01, 0.28
2022-09-25T19:18:02, 13.25, 0.79, 0.0
2022-09-25T19:19:03, 13.625, 1.6, 0.0
2022-09-25T19:20:04, 14.6875, 1.7, 0.28
2022-09-25T19:21:04, 14.1875, 3.12, 0.0
2022-09-25T19:22:05, 13.1875, 2.43, 0.0
2022-09-25T19:23:06, 12.75, 1.38, 0.0
2022-09-25T19:24:07, 12.9375, 0.79, 0.0
2022-09-25T19:25:08, 12.75, 2.23, 0.0
2022-09-25T19:26:09, 12.9375, 1.7, 0.56
2022-09-25T19:27:10, 14.0625, 1.44, 0.0
2022-09-25T19:28:10, 14.3125, 2.84, 0.0
2022-09-25T19:29:11, 14.1875, 1.56, 0.0
2022-09-25T19:30:12, 15.1875, 2.21, 0.56
2022-09-25T19:31:13, 15.3125, 4.5, 1.4
2022-09-25T19:32:14, 16.5625, 3.57, 0.0
2022-09-25T19:33:15, 16.5625, 5.03, 0.0
2022-09-25T19:34:16, 15.75, 5.6, 0.0
2022-09-25T19:35:16, 15.125, 4.1, 0.0
2022-09-25T19:36:17, 14.4375, 4.14, 0.0
2022-09-25T19:37:18, 14.4375, 5.74, 0.0
2022-09-25T19:38:19, 14.125, 4.75, 0.0
2022-09-25T19:39:20, 13.5, 4.34, 0.0
2022-09-25T19:40:21, 13.875, 5.33, 0.0
2022-09-25T19:41:22, 15.125, 3.59, 0.0
2022-09-25T19:42:22, 15.4375, 4.66, 0.0
2022-09-25T19:43:23, 15.8125, 3.0, 0.0
2022-09-25T19:44:24, 15.8125, 3.93, 0.0
2022-09-25T19:45:25, 16.5, 3.65, 0.0
2022-09-25T19:46:26, 17.5, 2.47, 0.0
2022-09-25T19:47:27, 17.0625, 2.9, 0.0
2022-09-25T19:48:28, 17.5, 1.74, 0.0
2022-09-25T19:49:28, 17.5, 2.9, 0.0
2022-09-25T19:50:29, 17.75, 1.82, 0.0
2022-09-25T19:51:30, 16.6875, 4.24, 0.0
2022-09-25T19:52:31, 16.5, 4.23, 0.0
2022-09-25T19:53:32, 16.5625, 3.77, 0.0
2022-09-25T19:54:33, 16.75, 3.53, 0.0
2022-09-25T19:55:34, 16.625, 4.08, 0.0
2022-09-25T19:56:34, 16.875, 3.02, 0.0
2022-09-25T19:57:35, 17.125, 2.68, 0.0
2022-09-25T19:58:36, 16.5, 4.28, 0.0
2022-09-25T19:59:37, 16.25, 5.18, 0.0
2022-09-25T20:00:38, 15.5, 7.52, 0.0
2022-09-25T20:01:39, 16.5625, 3.28, 0.0
2022-09-25T20:02:40, 16.125, 4.04, 0.0
2022-09-25T20:03:40, 16.1875, 3.58, 0.0
2022-09-25T20:04:41, 15.9375, 3.51, 0.0
2022-09-25T20:05:42, 15.875, 4.82, 0.0
2022-09-25T20:06:43, 16.375, 3.57, 0.0
2022-09-25T20:07:44, 15.5625, 4.95, 0.0
2022-09-25T20:08:45, 13.9375, 7.6, 0.0
2022-09-25T20:09:46, 13.5625, 5.88, 0.0
2022-09-25T20:10:46, 13.4375, 6.06, 0.0
2022-09-25T20:11:47, 14.9375, 4.8, 0.0
2022-09-25T20:12:48, 16.3125, 3.83, 0.0
2022-09-25T20:13:49, 15.6875, 6.3, 0.0
2022-09-25T20:14:50, 15.375, 3.87, 0.0
2022-09-25T20:15:51, 14.75, 5.25, 0.0
2022-09-25T20:16:52, 13.9375, 6.24, 0.0
2022-09-25T20:17:52, 14.4375, 5.07, 0.0
2022-09-25T20:18:53, 14.8125, 5.55, 0.0
2022-09-25T20:19:54, 14.5625, 4.48, 0.0
2022-09-25T20:20:55, 14.375, 5.53, 0.0
2022-09-25T20:21:56, 14.375, 6.99, 0.0
2022-09-25T20:22:57, 15.75, 4.76, 0.0
2022-09-25T20:23:58, 14.9375, 6.95, 0.0
2022-09-25T20:24:58, 15.375, 5.55, 0.0
2022-09-25T20:25:59, 15.5625, 3.81, 0.0
2022-09-25T20:27:00, 14.9375, 3.47, 0.0
2022-09-25T20:28:01, 15.0, 3.85, 0.0
2022-09-25T20:29:02, 14.5625, 4.8, 0.0
2022-09-25T20:30:03, 14.9375, 3.32, 0.0
2022-09-25T20:31:04, 14.375, 4.54, 0.0
2022-09-25T20:32:04, 13.875, 4.44, 0.0
2022-09-25T20:33:05, 13.5625, 4.26, 0.0
2022-09-25T20:34:06, 13.4375, 5.58, 0.0
2022-09-25T20:35:07, 13.3125, 6.34, 0.0
2022-09-25T20:36:08, 13.3125, 4.95, 0.0
2022-09-25T20:37:09, 13.3125, 4.72, 0.0
2022-09-25T20:38:10, 13.3125, 5.01, 0.0
2022-09-25T20:39:10, 13.25, 5.57, 0.0
2022-09-25T20:40:11, 13.5625, 4.25, 0.0
2022-09-25T20:41:12, 13.5625, 4.12, 0.0
2022-09-25T20:42:13, 13.3125, 4.18, 0.0
2022-09-25T20:43:14, 13.1875, 3.59, 0.0
2022-09-25T20:44:15, 13.25, 2.67, 0.0
2022-09-25T20:45:16, 13.25, 3.35, 0.0
2022-09-25T20:46:16, 13.4375, 5.9, 0.0
2022-09-25T20:47:17, 13.375, 4.79, 0.0
2022-09-25T20:48:18, 13.3125, 3.87, 0.0
2022-09-25T20:49:19, 13.1875, 4.42, 0.0
2022-09-25T20:50:20, 13.25, 4.03, 0.0
2022-09-25T20:51:21, 13.1875, 5.92, 0.0
2022-09-25T20:52:22, 13.1875, 4.26, 0.0
2022-09-25T20:53:22, 13.125, 2.84, 0.0
2022-09-25T20:54:23, 12.875, 5.61, 0.0
2022-09-25T20:55:24, 12.75, 6.17, 0.0
2022-09-25T20:56:25, 12.75, 4.87, 0.0
2022-09-25T20:57:26, 12.75, 4.97, 0.0
2022-09-25T20:58:27, 12.8125, 4.12, 0.0
2022-09-25T20:59:28, 12.75, 4.95, 0.0
2022-09-25T21:00:28, 12.8125, 2.64, 0.0
2022-09-25T21:01:29, 12.5625, 5.66, 0.0
2022-09-25T21:02:30, 12.4375, 5.66, 0.0
2022-09-25T21:03:31, 12.375, 4.18, 0.0
2022-09-25T21:04:32, 12.3125, 4.18, 0.0
2022-09-25T21:05:33, 12.25, 4.18, 0.0
2022-09-25T21:06:34, 12.25, 4.2, 0.0
2022-09-25T21:07:35, 12.25, 3.36, 0.0
2022-09-25T21:08:35, 12.1875, 4.48, 0.0
2022-09-25T21:09:36, 12.1875, 3.41, 0.0
2022-09-25T21:10:37, 12.1875, 5.27, 0.0
2022-09-25T21:11:38, 12.1875, 4.85, 0.0
2022-09-25T21:12:39, 12.25, 3.26, 0.0
2022-09-25T21:13:40, 12.25, 5.6, 0.0
2022-09-25T21:14:41, 12.25, 5.74, 0.0
2022-09-25T21:15:41, 12.25, 7.09, 0.0
2022-09-25T21:16:42, 12.3125, 3.83, 0.0
2022-09-25T21:17:43, 12.3125, 2.49, 0.0
2022-09-25T21:18:44, 12.25, 4.13, 0.0
2022-09-25T21:19:45, 12.125, 4.38, 0.0
2022-09-25T21:20:46, 12.0625, 3.83, 0.0
2022-09-25T21:21:47, 11.9375, 6.53, 0.0
2022-09-25T21:22:47, 11.875, 3.39, 0.0
2022-09-25T21:23:48, 11.8125, 4.83, 0.0
2022-09-25T21:24:49, 11.75, 3.53, 0.0
2022-09-25T21:25:50, 11.6875, 3.93, 0.0
2022-09-25T21:26:51, 11.6875, 5.25, 0.0
2022-09-25T21:27:52, 11.6875, 4.26, 0.0
2022-09-25T21:28:53, 11.625, 3.71, 0.0
2022-09-25T21:29:54, 11.625, 4.6, 0.0
2022-09-25T21:30:54, 11.625, 4.95, 0.0
2022-09-25T21:31:55, 11.625, 6.2, 0.0
2022-09-25T21:32:56, 11.625, 3.06, 0.0
2022-09-25T21:33:57, 11.5625, 4.84, 0.0
2022-09-25T21:34:58, 11.5625, 4.42, 0.0
2022-09-25T21:35:59, 11.5625, 3.99, 0.0
2022-09-25T21:37:00, 11.5, 4.96, 0.0
2022-09-25T21:38:00, 11.5, 5.48, 0.0
2022-09-25T21:39:01, 11.5, 4.52, 0.0
2022-09-25T21:40:02, 11.5, 4.83, 0.0
2022-09-25T21:41:03, 11.5, 4.64, 0.0
2022-09-25T21:42:04, 11.5, 4.91, 0.0
2022-09-25T21:43:05, 11.5, 4.56, 0.0
2022-09-25T21:44:06, 11.4375, 3.3, 0.0
2022-09-25T21:45:06, 11.375, 3.55, 0.0
2022-09-25T21:46:07, 11.375, 3.69, 0.0
2022-09-25T21:47:08, 11.4375, 2.03, 0.0
2022-09-25T21:48:09, 11.375, 3.83, 0.0
2022-09-25T21:49:10, 11.4375, 5.27, 0.0
2022-09-25T21:50:11, 11.4375, 5.07, 0.0
2022-09-25T21:51:12, 11.375, 4.03, 0.0
2022-09-25T21:52:12, 11.4375, 4.22, 0.0
2022-09-25T21:53:13, 11.375, 3.77, 0.0
2022-09-25T21:54:14, 11.375, 4.6, 0.0
2022-09-25T21:55:15, 11.375, 6.21, 0.0
2022-09-25T21:56:16, 11.3125, 5.55, 0.0
2022-09-25T21:57:17, 11.1875, 4.1, 0.0
2022-09-25T21:58:18, 11.125, 2.7, 0.0
2022-09-25T21:59:18, 11.0625, 4.22, 0.0
2022-09-25T22:00:19, 11.0625, 4.34, 0.0
2022-09-25T22:01:20, 11.1875, 5.29, 0.0
2022-09-25T22:02:21, 11.1875, 5.55, 0.0
2022-09-25T22:03:22, 11.1875, 4.58, 0.0
2022-09-25T22:04:23, 11.1875, 3.16, 0.0
2022-09-25T22:05:24, 11.25, 4.03, 0.0
2022-09-25T22:06:24, 11.25, 5.01, 0.0
2022-09-25T22:07:25, 11.25, 3.85, 0.0
2022-09-25T22:08:26, 11.25, 2.74, 0.0
2022-09-25T22:09:27, 11.1875, 3.65, 0.0
2022-09-25T22:10:28, 11.1875, 4.11, 0.0
2022-09-25T22:11:29, 11.125, 6.61, 0.0
2022-09-25T22:12:30, 10.9375, 5.53, 0.0
2022-09-25T22:13:31, 10.8125, 6.31, 0.0
2022-09-25T22:14:31, 10.6875, 6.95, 0.0
2022-09-25T22:15:32, 10.6875, 4.97, 0.0
2022-09-25T22:16:33, 10.6875, 5.05, 0.0
2022-09-25T22:17:34, 10.6875, 6.57, 0.0
2022-09-25T22:18:35, 10.625, 3.71, 0.0
2022-09-25T22:19:36, 10.625, 3.12, 0.0
2022-09-25T22:20:37, 10.625, 4.76, 0.0
2022-09-25T22:21:37, 10.625, 3.35, 0.0
2022-09-25T22:22:38, 10.5625, 3.75, 0.0
2022-09-25T22:23:39, 10.5625, 3.85, 0.0
2022-09-25T22:24:40, 10.5, 3.39, 0.0
2022-09-25T22:25:41, 10.4375, 5.77, 0.0
2022-09-25T22:26:42, 10.4375, 4.38, 0.0
2022-09-25T22:27:43, 10.5, 5.39, 0.0
2022-09-25T22:28:43, 10.5, 4.64, 0.0
2022-09-25T22:29:44, 10.4375, 4.07, 0.0
2022-09-25T22:30:45, 10.4375, 5.1, 0.0
2022-09-25T22:31:46, 10.375, 3.89, 0.0
2022-09-25T22:32:47, 10.25, 4.18, 0.0
2022-09-25T22:33:48, 9.875, 3.93, 0.0
2022-09-25T22:34:49, 9.875, 3.87, 0.0
2022-09-25T22:35:49, 9.9375, 4.87, 0.0
2022-09-25T22:36:50, 9.9375, 3.91, 0.0
2022-09-25T22:37:51, 9.9375, 3.12, 0.0
2022-09-25T22:38:52, 10.0, 5.03, 0.0
2022-09-25T22:39:53, 10.0625, 5.09, 0.0
2022-09-25T22:40:54, 10.0, 4.28, 0.0
2022-09-25T22:41:55, 9.875, 3.87, 0.0
2022-09-25T22:42:56, 9.875, 4.73, 0.0
2022-09-25T22:43:56, 9.75, 2.84, 0.0
2022-09-25T22:44:57, 9.6875, 3.77, 0.0
2022-09-25T22:45:58, 9.625, 3.16, 0.0
2022-09-25T22:46:59, 9.625, 2.53, 0.0
2022-09-25T22:48:00, 9.5, 2.09, 0.0
2022-09-25T22:49:01, 9.375, 2.96, 0.0
2022-09-25T22:50:02, 9.25, 2.49, 0.0
2022-09-25T22:51:02, 9.5, 3.53, 0.0
2022-09-25T22:52:03, 9.5, 4.62, 0.0
2022-09-25T22:53:04, 9.3125, 3.0, 0.0
2022-09-25T22:54:05, 9.375, 3.95, 0.0
2022-09-25T22:55:06, 9.1875, 2.88, 0.0
2022-09-25T22:56:07, 9.3125, 4.18, 0.0
2022-09-25T22:57:08, 9.0, 1.95, 0.0
2022-09-25T22:58:09, 9.0625, 2.55, 0.0
2022-09-25T22:59:09, 9.0, 2.78, 0.0
2022-09-25T23:00:10, 9.0, 2.19, 0.0
2022-09-25T23:01:11, 9.0, 2.39, 0.0
2022-09-25T23:02:12, 8.875, 2.05, 0.0
2022-09-25T23:03:13, 8.9375, 1.68, 0.0
2022-09-25T23:04:14, 9.0, 2.84, 0.0
2022-09-25T23:05:15, 8.9375, 2.49, 0.0
2022-09-25T23:06:15, 8.875, 1.56, 0.0
2022-09-25T23:07:16, 8.9375, 2.09, 0.0
2022-09-25T23:08:17, 8.625, 1.38, 0.0
2022-09-25T23:09:18, 8.6875, 1.76, 0.0
2022-09-25T23:10:19, 8.875, 2.17, 0.0
2022-09-25T23:11:20, 8.875, 2.09, 0.0
2022-09-25T23:12:21, 8.875, 1.93, 0.0
2022-09-25T23:13:21, 8.8125, 2.66, 0.0
2022-09-25T23:14:22, 8.9375, 2.09, 0.0
2022-09-25T23:15:23, 8.9375, 2.07, 0.0
2022-09-25T23:16:24, 9.0625, 2.33, 0.0
2022-09-25T23:17:25, 9.125, 1.89, 0.0
2022-09-25T23:18:26, 9.3125, 2.41, 0.0
2022-09-25T23:19:27, 9.375, 2.86, 0.0
2022-09-25T23:20:27, 9.375, 2.57, 0.0
2022-09-25T23:21:28, 9.4375, 2.49, 0.0
2022-09-25T23:22:29, 9.4375, 2.23, 0.0
2022-09-25T23:23:30, 9.4375, 1.91, 0.0
2022-09-25T23:24:31, 9.5625, 2.59, 0.0
2022-09-25T23:25:32, 9.5625, 1.78, 0.0
2022-09-25T23:26:33, 9.5625, 2.23, 0.0
2022-09-25T23:27:34, 9.4375, 1.03, 0.0
2022-09-25T23:28:34, 9.375, 1.36, 0.0
2022-09-25T23:29:35, 9.3125, 1.93, 0.0
2022-09-25T23:30:36, 9.25, 1.2, 0.0
2022-09-25T23:31:37, 9.1875, 1.58, 0.0
2022-09-25T23:32:38, 9.25, 2.25, 0.0
2022-09-25T23:33:39, 9.25, 2.13, 0.0
2022-09-25T23:34:40, 9.25, 1.84, 0.0
2022-09-25T23:35:40, 9.3125, 1.3, 0.0
2022-09-25T23:36:41, 9.3125, 1.68, 0.0
2022-09-25T23:37:42, 9.375, 2.57, 0.0
2022-09-25T23:38:43, 9.4375, 1.95, 0.0
2022-09-25T23:39:44, 9.4375, 2.01, 0.0
2022-09-25T23:40:45, 9.25, 1.07, 0.0
2022-09-25T23:41:46, 9.125, 2.23, 0.0
2022-09-25T23:42:46, 9.0625, 3.18, 0.0
2022-09-25T23:43:47, 9.0625, 3.24, 0.0
2022-09-25T23:44:48, 9.0, 2.23, 0.0
2022-09-25T23:45:49, 9.0, 2.29, 0.0
2022-09-25T23:46:50, 8.9375, 1.48, 0.0
2022-09-25T23:47:51, 8.9375, 2.31, 0.0
2022-09-25T23:48:52, 8.8125, 1.97, 0.0
2022-09-25T23:49:52, 8.8125, 2.09, 0.0
2022-09-25T23:50:53, 8.6875, 2.11, 0.0
2022-09-25T23:51:54, 8.8125, 2.74, 0.0
2022-09-25T23:52:55, 8.9375, 2.96, 0.0
2022-09-25T23:53:56, 9.0625, 2.9, 0.0
2022-09-25T23:54:57, 9.0625, 1.34, 0.0
2022-09-25T23:55:58, 9.125, 3.0, 0.0
2022-09-25T23:56:59, 9.0625, 1.48, 0.0
2022-09-25T23:57:59, 9.0625, 1.56, 0.0
2022-09-25T23:59:00, 9.1875, 2.76, 0.0
2022-09-26T00:00:01, 9.1875, 2.25, 0.0
2022-09-26T00:01:02, 9.25, 2.21, 0.0
2022-09-26T00:02:03, 9.25, 2.15, 0.0
2022-09-26T00:03:04, 9.1875, 1.6, 0.0
2022-09-26T00:04:05, 9.1875, 1.54, 0.0
2022-09-26T00:05:05, 9.1875, 1.66, 0.0
2022-09-26T00:06:06, 9.25, 2.27, 0.0
2022-09-26T00:07:07, 9.1875, 2.07, 0.0
2022-09-26T00:08:08, 9.0, 1.44, 0.0
2022-09-26T00:09:09, 8.6875, 2.49, 0.0
2022-09-26T00:10:10, 8.375, 2.17, 0.0
2022-09-26T00:11:11, 8.1875, 1.93, 0.0
2022-09-26T00:12:11, 8.1875, 1.46, 0.0
2022-09-26T00:13:12, 8.125, 2.29, 0.0
2022-09-26T00:14:13, 8.0625, 2.17, 0.0
2022-09-26T00:15:14, 8.125, 2.03, 0.0
2022-09-26T00:16:15, 8.125, 1.93, 0.0
2022-09-26T00:17:16, 8.125, 2.64, 0.0
2022-09-26T00:18:17, 8.1875, 3.0, 0.0
2022-09-26T00:19:17, 8.1875, 2.07, 0.0
2022-09-26T00:20:18, 8.125, 2.21, 0.0
2022-09-26T00:21:19, 8.125, 2.37, 0.0
2022-09-26T00:22:20, 8.125, 2.01, 0.0
2022-09-26T00:23:21, 8.0625, 1.38, 0.0
2022-09-26T00:24:22, 8.125, 2.15, 0.0
2022-09-26T00:25:23, 8.1875, 2.59, 0.0
2022-09-26T00:26:24, 8.1875, 2.07, 0.0
2022-09-26T00:27:24, 8.25, 3.12, 0.0
2022-09-26T00:28:25, 8.1875, 2.15, 0.0
2022-09-26T00:29:26, 8.25, 2.62, 0.0
2022-09-26T00:30:27, 8.25, 2.76, 0.0
2022-09-26T00:31:28, 8.1875, 2.68, 0.0
2022-09-26T00:32:29, 8.1875, 2.6, 0.0
2022-09-26T00:33:30, 8.1875, 2.64, 0.0
2022-09-26T00:34:30, 8.1875, 2.86, 0.0
2022-09-26T00:35:31, 8.25, 2.75, 0.0
2022-09-26T00:36:32, 8.25, 1.72, 0.0
2022-09-26T00:37:33, 8.25, 1.38, 0.0
2022-09-26T00:38:34, 8.3125, 3.95, 0.0
2022-09-26T00:39:35, 8.3125, 3.57, 0.0
2022-09-26T00:40:36, 8.25, 2.13, 0.0
2022-09-26T00:41:36, 8.25, 2.92, 0.0
2022-09-26T00:42:37, 8.25, 0.91, 0.0
2022-09-26T00:43:38, 8.25, 2.15, 0.0
2022-09-26T00:44:39, 8.25, 1.62, 0.0
2022-09-26T00:45:40, 8.25, 1.38, 0.0
2022-09-26T00:46:41, 8.25, 1.01, 0.0
2022-09-26T00:47:42, 8.25, 2.49, 0.0
2022-09-26T00:48:42, 8.25, 3.67, 0.0
2022-09-26T00:49:43, 8.1875, 1.28, 0.0
2022-09-26T00:50:44, 8.25, 2.59, 0.0
2022-09-26T00:51:45, 8.1875, 2.39, 0.0
2022-09-26T00:52:46, 8.1875, 1.95, 0.0
2022-09-26T00:53:47, 8.1875, 1.68, 0.0
2022-09-26T00:54:48, 8.1875, 2.96, 0.0
2022-09-26T00:55:48, 8.1875, 2.7, 0.0
2022-09-26T00:56:49, 8.1875, 2.59, 0.0
2022-09-26T00:57:50, 8.25, 4.77, 0.0
2022-09-26T00:58:51, 8.25, 4.56, 0.0
2022-09-26T00:59:52, 8.1875, 2.43, 0.0
2022-09-26T01:00:53, 8.1875, 3.34, 0.0
2022-09-26T01:01:54, 8.125, 3.18, 0.0
2022-09-26T01:02:54, 8.125, 1.91, 0.0
2022-09-26T01:03:55, 8.0625, 1.86, 0.0
2022-09-26T01:04:56, 8.125, 2.37, 0.0
2022-09-26T01:05:57, 8.125, 2.62, 0.0
2022-09-26T01:06:58, 8.125, 1.64, 0.0
2022-09-26T01:07:59, 8.0, 1.14, 0.0
2022-09-26T01:09:00, 8.0, 2.7, 0.0
2022-09-26T01:10:01, 7.9375, 2.57, 0.0
2022-09-26T01:11:01, 7.9375, 2.86, 0.0
2022-09-26T01:12:02, 7.875, 1.91, 0.0
2022-09-26T01:13:03, 7.875, 1.6, 0.0
2022-09-26T01:14:04, 7.9375, 1.5, 0.0
2022-09-26T01:15:05, 7.9375, 1.7, 0.0
2022-09-26T01:16:06, 7.9375, 1.24, 0.0
2022-09-26T01:17:06, 7.9375, 1.26, 0.0
2022-09-26T01:18:07, 8.0, 1.7, 0.0
2022-09-26T01:19:08, 7.9375, 2.17, 0.0
2022-09-26T01:20:09, 7.9375, 1.64, 0.0
2022-09-26T01:21:10, 8.0, 2.82, 0.0
2022-09-26T01:22:11, 7.9375, 1.87, 0.0
2022-09-26T01:23:12, 8.0, 2.59, 0.0
2022-09-26T01:24:12, 7.9375, 1.54, 0.0
2022-09-26T01:25:13, 7.9375, 3.14, 0.0
2022-09-26T01:26:14, 8.0, 2.25, 0.0
2022-09-26T01:27:15, 7.8125, 2.41, 0.0
2022-09-26T01:28:16, 7.8125, 2.39, 0.0
2022-09-26T01:29:17, 7.8125, 2.88, 0.0
2022-09-26T01:30:18, 7.875, 1.97, 0.0
2022-09-26T01:31:19, 7.75, 1.74, 0.0
2022-09-26T01:32:19, 7.75, 2.11, 0.0
2022-09-26T01:33:20, 7.8125, 2.62, 0.0
2022-09-26T01:34:21, 7.8125, 2.58, 0.0
2022-09-26T01:35:22, 7.75, 2.21, 0.0
2022-09-26T01:36:23, 7.75, 2.39, 0.0
2022-09-26T01:37:24, 7.6875, 1.01, 0.0
2022-09-26T01:38:25, 7.6875, 2.27, 0.0
2022-09-26T01:39:25, 7.625, 2.45, 0.0
2022-09-26T01:40:26, 7.625, 1.82, 0.0
2022-09-26T01:41:27, 7.5, 2.07, 0.0
2022-09-26T01:42:28, 7.625, 1.87, 0.0
2022-09-26T01:43:29, 7.6875, 2.84, 0.0
2022-09-26T01:44:30, 7.5, 1.66, 0.0
2022-09-26T01:45:31, 7.625, 1.7, 0.0
2022-09-26T01:46:31, 7.6875, 1.56, 0.0
2022-09-26T01:47:32, 7.6875, 1.54, 0.0
2022-09-26T01:48:33, 7.6875, 1.44, 0.0
2022-09-26T01:49:34, 7.8125, 1.68, 0.0
2022-09-26T01:50:35, 7.9375, 2.66, 0.0
2022-09-26T01:51:36, 7.875, 2.13, 0.0
2022-09-26T01:52:37, 7.9375, 3.1, 0.0
2022-09-26T01:53:37, 7.875, 2.37, 0.0
2022-09-26T01:54:38, 7.875, 2.29, 0.0
2022-09-26T01:55:39, 7.8125, 2.33, 0.0
2022-09-26T01:56:40, 7.875, 2.19, 0.0
2022-09-26T01:57:41, 7.8125, 2.43, 0.0
2022-09-26T01:58:42, 7.9375, 2.94, 0.0
2022-09-26T01:59:43, 7.9375, 2.7, 0.0
2022-09-26T02:00:43, 7.875, 1.46, 0.0
2022-09-26T02:01:44, 7.875, 1.76, 0.0
2022-09-26T02:02:45, 7.9375, 1.74, 0.0
2022-09-26T02:03:46, 7.9375, 2.17, 0.0
2022-09-26T02:04:47, 8.0, 3.24, 0.0
2022-09-26T02:05:48, 7.9375, 2.25, 0.0
2022-09-26T02:06:49, 7.9375, 1.4, 0.0
2022-09-26T02:07:49, 7.9375, 1.42, 0.0
2022-09-26T02:08:50, 8.0625, 1.99, 0.0
2022-09-26T02:09:51, 8.0, 1.64, 0.0
2022-09-26T02:10:52, 8.0625, 1.99, 0.0
2022-09-26T02:11:53, 8.1875, 2.59, 0.0
2022-09-26T02:12:54, 8.1875, 2.49, 0.0
2022-09-26T02:13:55, 8.125, 1.95, 0.0
2022-09-26T02:14:55, 8.0625, 1.32, 0.0
2022-09-26T02:15:56, 8.25, 3.95, 0.0
2022-09-26T02:16:57, 8.25, 3.06, 0.0
2022-09-26T02:17:58, 8.25, 3.51, 0.0
2022-09-26T02:18:59, 8.25, 4.22, 0.0
2022-09-26T02:20:00, 8.3125, 3.26, 0.0
2022-09-26T02:21:01, 8.25, 3.04, 0.0
2022-09-26T02:22:01, 8.3125, 3.1, 0.0
2022-09-26T02:23:02, 8.3125, 3.24, 0.0
2022-09-26T02:24:03, 8.25, 2.57, 0.0
2022-09-26T02:25:04, 8.3125, 3.77, 0.0
2022-09-26T02:26:05, 8.375, 3.33, 0.0
2022-09-26T02:27:06, 8.375, 3.81, 0.0
2022-09-26T02:28:07, 8.4375, 3.49, 0.0
2022-09-26T02:29:08, 8.4375, 3.3, 0.0
2022-09-26T02:30:08, 8.375, 2.27, 0.0
2022-09-26T02:31:09, 8.375, 3.39, 0.0
2022-09-26T02:32:10, 8.4375, 3.37, 0.0
2022-09-26T02:33:11, 8.375, 3.06, 0.0
2022-09-26T02:34:12, 8.5, 4.12, 0.0
2022-09-26T02:35:13, 8.4375, 2.76, 0.0
2022-09-26T02:36:14, 8.375, 3.53, 0.0
2022-09-26T02:37:14, 8.4375, 3.3, 0.0
2022-09-26T02:38:15, 8.4375, 2.72, 0.0
2022-09-26T02:39:16, 8.5625, 4.34, 0.0
2022-09-26T02:40:17, 8.5, 2.8, 0.0
2022-09-26T02:41:18, 8.5, 4.1, 0.0
2022-09-26T02:42:19, 8.5, 4.93, 0.0
2022-09-26T02:43:20, 8.375, 3.85, 0.0
2022-09-26T02:44:20, 8.4375, 4.24, 0.0
2022-09-26T02:45:21, 8.4375, 3.83, 0.0
2022-09-26T02:46:22, 8.4375, 3.2, 0.0
2022-09-26T02:47:23, 8.4375, 4.38, 0.0
2022-09-26T02:48:24, 8.375, 2.86, 0.0
2022-09-26T02:49:25, 8.375, 4.56, 0.0
2022-09-26T02:50:26, 8.3125, 4.97, 0.0
2022-09-26T02:51:26, 8.25, 3.33, 0.0
2022-09-26T02:52:27, 8.3125, 4.85, 0.0
2022-09-26T02:53:28, 8.25, 2.94, 0.0
2022-09-26T02:54:29, 8.25, 3.22, 0.0
2022-09-26T02:55:30, 8.1875, 2.94, 0.0
2022-09-26T02:56:31, 8.25, 3.69, 0.0
2022-09-26T02:57:32, 8.1875, 2.43, 0.0
2022-09-26T02:58:32, 8.3125, 4.08, 0.0
2022-09-26T02:59:33, 8.25, 2.8, 0.0
2022-09-26T03:00:34, 8.25, 2.61, 0.0
2022-09-26T03:01:35, 8.25, 2.68, 0.0
2022-09-26T03:02:36, 8.3125, 3.51, 0.0
2022-09-26T03:03:37, 8.375, 3.91, 0.0
2022-09-26T03:04:38, 8.4375, 2.49, 0.0
2022-09-26T03:05:38, 8.375, 2.41, 0.0
2022-09-26T03:06:39, 8.375, 2.86, 0.0
2022-09-26T03:07:40, 8.4375, 3.52, 0.0
2022-09-26T03:08:41, 8.4375, 3.39, 0.0
2022-09-26T03:09:42, 8.4375, 2.21, 0.0
2022-09-26T03:10:43, 8.5, 3.26, 0.0
2022-09-26T03:11:44, 8.5, 3.93, 0.0
2022-09-26T03:12:44, 8.4375, 4.42, 0.0
2022-09-26T03:13:45, 8.4375, 3.36, 0.0
2022-09-26T03:14:46, 8.4375, 4.4, 0.0
2022-09-26T03:15:47, 8.4375, 3.65, 0.0
2022-09-26T03:16:48, 8.5, 4.12, 0.0
2022-09-26T03:17:49, 8.5, 3.39, 0.0
2022-09-26T03:18:50, 8.4375, 3.5, 0.0
2022-09-26T03:19:50, 8.4375, 3.08, 0.0
2022-09-26T03:20:51, 8.375, 3.67, 0.0
2022-09-26T03:21:52, 8.375, 3.93, 0.0
2022-09-26T03:22:53, 8.4375, 3.91, 0.0
2022-09-26T03:23:54, 8.4375, 4.74, 0.0
2022-09-26T03:24:55, 8.375, 2.86, 0.0
2022-09-26T03:25:56, 8.375, 2.9, 0.0
2022-09-26T03:26:56, 8.375, 2.59, 0.0
2022-09-26T03:27:57, 8.375, 4.03, 0.0
2022-09-26T03:28:58, 8.3125, 2.07, 0.0
2022-09-26T03:29:59, 8.3125, 3.57, 0.0
2022-09-26T03:31:00, 8.3125, 2.88, 0.0
2022-09-26T03:32:01, 8.4375, 4.6, 0.0
2022-09-26T03:33:02, 8.5, 4.5, 0.0
2022-09-26T03:34:02, 8.5, 4.3, 0.0
2022-09-26T03:35:03, 8.5625, 3.91, 0.0
2022-09-26T03:36:04, 8.5, 2.72, 0.0
2022-09-26T03:37:05, 8.5, 2.39, 0.0
2022-09-26T03:38:06, 8.4375, 3.63, 0.0
2022-09-26T03:39:07, 8.4375, 4.03, 0.0
2022-09-26T03:40:08, 8.3125, 2.37, 0.0
2022-09-26T03:41:08, 8.25, 2.55, 0.0
2022-09-26T03:42:09, 8.1875, 2.57, 0.0
2022-09-26T03:43:10, 8.1875, 3.49, 0.0
2022-09-26T03:44:11, 8.0, 2.33, 0.0
2022-09-26T03:45:12, 8.125, 3.22, 0.0
2022-09-26T03:46:13, 8.1875, 3.79, 0.0
2022-09-26T03:47:14, 8.0625, 3.1, 0.0
2022-09-26T03:48:15, 7.9375, 2.82, 0.0
2022-09-26T03:49:15, 7.875, 1.85, 0.0
2022-09-26T03:50:16, 7.9375, 2.8, 0.0
2022-09-26T03:51:17, 7.875, 2.78, 0.0
2022-09-26T03:52:18, 7.8125, 1.42, 0.0
2022-09-26T03:53:19, 8.0, 2.59, 0.0
2022-09-26T03:54:20, 7.8125, 2.96, 0.0
2022-09-26T03:55:21, 7.5625, 0.97, 0.0
2022-09-26T03:56:21, 7.75, 2.15, 0.0
2022-09-26T03:57:22, 7.625, 1.68, 0.0
2022-09-26T03:58:23, 7.6875, 2.33, 0.0
2022-09-26T03:59:24, 7.75, 2.39, 0.0
2022-09-26T04:00:25, 7.6875, 3.1, 0.0
2022-09-26T04:01:26, 7.625, 2.23, 0.0
2022-09-26T04:02:27, 7.4375, 1.99, 0.0
2022-09-26T04:03:27, 7.5625, 1.97, 0.0
2022-09-26T04:04:28, 7.625, 1.97, 0.0
2022-09-26T04:05:29, 7.5, 2.15, 0.0
2022-09-26T04:06:30, 7.375, 2.03, 0.0
2022-09-26T04:07:31, 7.5, 2.41, 0.0
2022-09-26T04:08:32, 7.6875, 3.26, 0.0
2022-09-26T04:09:33, 7.5625, 3.06, 0.0
2022-09-26T04:10:34, 7.5625, 2.31, 0.0
2022-09-26T04:11:34, 7.5, 1.07, 0.0
2022-09-26T04:12:35, 7.4375, 2.37, 0.0
2022-09-26T04:13:36, 7.1875, 1.52, 0.0
2022-09-26T04:14:37, 7.375, 2.39, 0.0
2022-09-26T04:15:38, 7.5625, 1.84, 0.0
2022-09-26T04:16:39, 7.6875, 2.98, 0.0
2022-09-26T04:17:40, 7.4375, 1.87, 0.0
2022-09-26T04:18:40, 7.375, 2.23, 0.0
2022-09-26T04:19:41, 7.0625, 2.05, 0.0
2022-09-26T04:20:42, 7.125, 0.73, 0.0
2022-09-26T04:21:43, 7.1875, 1.72, 0.0
2022-09-26T04:22:44, 7.125, 1.44, 0.0
2022-09-26T04:23:45, 7.3125, 1.54, 0.0
2022-09-26T04:24:46, 7.375, 2.01, 0.0
2022-09-26T04:25:46, 7.4375, 2.39, 0.0
2022-09-26T04:26:47, 7.375, 2.19, 0.0
2022-09-26T04:27:48, 7.375, 2.96, 0.0
2022-09-26T04:28:49, 7.3125, 2.8, 0.0
2022-09-26T04:29:50, 7.25, 1.22, 0.0
2022-09-26T04:30:51, 7.25, 1.97, 0.0
2022-09-26T04:31:52, 7.4375, 2.92, 0.0
2022-09-26T04:32:53, 7.375, 2.66, 0.0
2022-09-26T04:33:53, 7.375, 1.87, 0.0
2022-09-26T04:34:54, 7.4375, 3.35, 0.0
2022-09-26T04:35:55, 7.3125, 2.29, 0.0
2022-09-26T04:36:56, 7.5625, 2.9, 0.0
2022-09-26T04:37:57, 7.4375, 3.04, 0.0
2022-09-26T04:38:58, 7.375, 1.76, 0.0
2022-09-26T04:39:59, 7.3125, 1.82, 0.0
2022-09-26T04:40:59, 7.3125, 3.14, 0.0
2022-09-26T04:42:00, 7.4375, 2.86, 0.0
2022-09-26T04:43:01, 7.5625, 4.76, 0.0
2022-09-26T04:44:02, 7.4375, 3.65, 0.0
2022-09-26T04:45:03, 7.5, 3.32, 0.0
2022-09-26T04:46:04, 7.4375, 3.59, 0.0
2022-09-26T04:47:05, 7.375, 3.47, 0.0
2022-09-26T04:48:05, 7.375, 2.98, 0.0
2022-09-26T04:49:06, 7.4375, 3.61, 0.0
2022-09-26T04:50:07, 7.5, 3.67, 0.0
2022-09-26T04:51:08, 7.5, 4.05, 0.0
2022-09-26T04:52:09, 7.25, 1.93, 0.0
2022-09-26T04:53:10, 7.1875, 2.62, 0.0
2022-09-26T04:54:11, 7.3125, 3.16, 0.0
2022-09-26T04:55:12, 7.375, 3.14, 0.0
2022-09-26T04:56:12, 7.375, 3.14, 0.0
2022-09-26T04:57:13, 7.4375, 2.33, 0.0
2022-09-26T04:58:14, 7.625, 3.59, 0.0
2022-09-26T04:59:15, 7.5, 2.43, 0.0
2022-09-26T05:00:16, 7.5, 2.55, 0.0
2022-09-26T05:01:17, 7.5, 3.37, 0.0
2022-09-26T05:02:18, 7.375, 1.87, 0.0
2022-09-26T05:03:18, 7.25, 1.72, 0.0
2022-09-26T05:04:19, 7.4375, 1.7, 0.0
2022-09-26T05:05:20, 7.4375, 1.74, 0.0
2022-09-26T05:06:21, 7.4375, 1.66, 0.0
2022-09-26T05:07:22, 7.4375, 1.99, 0.0
2022-09-26T05:08:23, 7.4375, 1.52, 0.0
2022-09-26T05:09:24, 7.4375, 1.62, 0.0
2022-09-26T05:10:24, 7.375, 1.38, 0.0
2022-09-26T05:11:25, 7.4375, 2.45, 0.0
2022-09-26T05:12:26, 7.3125, 0.93, 0.0
2022-09-26T05:13:27, 7.25, 2.23, 0.0
2022-09-26T05:14:28, 7.0625, 1.52, 0.0
2022-09-26T05:15:29, 7.0, 2.05, 0.0
2022-09-26T05:16:30, 7.0, 2.21, 0.0
2022-09-26T05:17:31, 7.0, 1.03, 0.0
2022-09-26T05:18:31, 7.0625, 1.66, 0.0
2022-09-26T05:19:32, 6.9375, 2.31, 0.0
2022-09-26T05:20:33, 6.9375, 2.23, 0.0
2022-09-26T05:21:34, 6.9375, 1.66, 0.0
2022-09-26T05:22:35, 6.75, 1.32, 0.0
2022-09-26T05:23:36, 6.5625, 1.07, 0.0
2022-09-26T05:24:37, 6.6875, 1.72, 0.0
2022-09-26T05:25:37, 6.875, 2.31, 0.0
2022-09-26T05:26:38, 6.8125, 2.29, 0.0
2022-09-26T05:27:39, 6.875, 1.99, 0.0
2022-09-26T05:28:40, 6.9375, 2.41, 0.0
2022-09-26T05:29:41, 6.9375, 2.41, 0.0
2022-09-26T05:30:42, 6.9375, 2.23, 0.0
2022-09-26T05:31:43, 6.9375, 3.3, 0.0
2022-09-26T05:32:43, 6.8125, 1.91, 0.0
2022-09-26T05:33:44, 6.75, 1.5, 0.0
2022-09-26T05:34:45, 6.625, 0.91, 0.0
2022-09-26T05:35:46, 6.8125, 1.82, 0.0
2022-09-26T05:36:47, 6.9375, 1.89, 0.0
2022-09-26T05:37:48, 6.9375, 1.7, 0.0
2022-09-26T05:38:49, 6.875, 2.23, 0.0
2022-09-26T05:39:50, 6.9375, 1.62, 0.0
2022-09-26T05:40:50, 7.0, 2.25, 0.0
2022-09-26T05:41:51, 6.9375, 1.8, 0.0
2022-09-26T05:42:52, 6.9375, 1.89, 0.0
2022-09-26T05:43:53, 6.9375, 1.5, 0.0
2022-09-26T05:44:54, 7.125, 2.68, 0.0
2022-09-26T05:45:55, 7.125, 2.33, 0.0
2022-09-26T05:46:56, 7.3125, 3.24, 0.0
2022-09-26T05:47:56, 7.25, 1.74, 0.0
2022-09-26T05:48:57, 7.3125, 3.53, 0.0
2022-09-26T05:49:58, 7.3125, 2.76, 0.0
2022-09-26T05:50:59, 7.25, 1.8, 0.0
2022-09-26T05:52:00, 7.3125, 2.09, 0.0
2022-09-26T05:53:01, 7.375, 2.78, 0.0
2022-09-26T05:54:02, 7.4375, 1.93, 0.0
2022-09-26T05:55:02, 7.5625, 2.98, 0.0
2022-09-26T05:56:03, 7.375, 1.78, 0.0
2022-09-26T05:57:04, 7.4375, 2.45, 0.0
2022-09-26T05:58:05, 7.5, 1.93, 0.0
2022-09-26T05:59:06, 7.4375, 1.8, 0.0
2022-09-26T06:00:07, 7.5625, 2.8, 0.0
2022-09-26T06:01:08, 7.5625, 2.78, 0.0
2022-09-26T06:02:08, 7.625, 2.78, 0.0
2022-09-26T06:03:09, 7.5, 1.8, 0.0
2022-09-26T06:04:10, 7.5625, 3.24, 0.0
2022-09-26T06:05:11, 7.5625, 2.7, 0.0
2022-09-26T06:06:12, 7.5625, 1.82, 0.0
2022-09-26T06:07:13, 7.5, 2.01, 0.0
2022-09-26T06:08:14, 7.5625, 2.82, 0.0
2022-09-26T06:09:15, 7.625, 1.66, 0.0
2022-09-26T06:10:15, 7.5625, 2.31, 0.0
2022-09-26T06:11:16, 7.625, 2.49, 0.0
2022-09-26T06:12:17, 7.5, 1.76, 0.0
2022-09-26T06:13:18, 7.5625, 2.31, 0.0
2022-09-26T06:14:19, 7.625, 1.72, 0.0
2022-09-26T06:15:20, 7.6875, 2.29, 0.0
2022-09-26T06:16:21, 7.6875, 2.13, 0.0
2022-09-26T06:17:21, 7.6875, 2.03, 0.0
2022-09-26T06:18:22, 7.6875, 2.6, 0.0
2022-09-26T06:19:23, 7.625, 2.01, 0.0
2022-09-26T06:20:24, 7.8125, 2.55, 0.0
2022-09-26T06:21:25, 7.75, 2.21, 0.0
2022-09-26T06:22:26, 7.75, 2.7, 0.0
2022-09-26T06:23:27, 7.6875, 1.62, 0.0
2022-09-26T06:24:28, 7.875, 3.26, 0.0
2022-09-26T06:25:28, 7.8125, 2.7, 0.0
2022-09-26T06:26:29, 7.8125, 2.07, 0.0
2022-09-26T06:27:30, 7.875, 3.39, 0.0
2022-09-26T06:28:31, 8.0, 2.47, 0.0
2022-09-26T06:29:32, 7.875, 2.63, 0.0
2022-09-26T06:30:33, 7.9375, 2.88, 0.0
2022-09-26T06:31:34, 8.0, 3.3, 0.0
2022-09-26T06:32:34, 7.9375, 1.89, 0.0
2022-09-26T06:33:35, 7.9375, 2.17, 0.0
2022-09-26T06:34:36, 7.9375, 2.19, 0.0
2022-09-26T06:35:37, 8.0, 2.11, 0.0
2022-09-26T06:36:38, 7.9375, 2.13, 0.0
2022-09-26T06:37:39, 8.0, 2.27, 0.0
2022-09-26T06:38:40, 7.875, 1.62, 0.0
2022-09-26T06:39:40, 7.875, 2.17, 0.0
2022-09-26T06:40:41, 7.9375, 2.51, 0.0
2022-09-26T06:41:42, 7.9375, 2.07, 0.0
2022-09-26T06:42:43, 8.0625, 3.53, 0.0
2022-09-26T06:43:44, 8.0, 1.24, 0.0
2022-09-26T06:44:45, 7.9375, 1.52, 0.0
2022-09-26T06:45:46, 8.0, 2.88, 0.0
2022-09-26T06:46:46, 7.9375, 2.19, 0.0
2022-09-26T06:47:47, 7.875, 2.11, 0.0
2022-09-26T06:48:48, 8.0, 2.01, 0.0
2022-09-26T06:49:49, 7.875, 1.91, 0.0
2022-09-26T06:50:50, 7.9375, 2.68, 0.0
2022-09-26T06:51:51, 8.0, 2.33, 0.0
2022-09-26T06:52:52, 7.875, 1.99, 0.0
2022-09-26T06:53:52, 7.875, 1.8, 0.0
2022-09-26T06:54:53, 7.8125, 1.16, 0.0
2022-09-26T06:55:54, 7.875, 2.19, 0.0
2022-09-26T06:56:55, 7.8125, 1.05, 0.0
2022-09-26T06:57:56, 7.875, 2.33, 0.0
2022-09-26T06:58:57, 7.9375, 1.93, 0.0
2022-09-26T06:59:58, 7.9375, 1.52, 0.0
2022-09-26T07:00:59, 7.875, 2.94, 0.0
2022-09-26T07:01:59, 7.875, 2.88, 0.0
2022-09-26T07:03:00, 7.875, 2.47, 0.0
2022-09-26T07:04:01, 7.875, 2.84, 0.0
2022-09-26T07:05:02, 7.875, 1.58, 0.0
2022-09-26T07:06:03, 7.875, 2.35, 0.0
2022-09-26T07:07:04, 7.875, 1.9, 0.0
2022-09-26T07:08:05, 7.875, 2.23, 0.0
2022-09-26T07:09:05, 7.875, 2.11, 0.0
2022-09-26T07:10:06, 7.8125, 1.48, 0.0
2022-09-26T07:11:07, 7.8125, 3.02, 0.0
2022-09-26T07:12:08, 7.8125, 2.86, 0.0
2022-09-26T07:13:09, 7.75, 2.82, 0.0
2022-09-26T07:14:10, 7.6875, 2.59, 0.0
2022-09-26T07:15:11, 7.75, 2.86, 0.0
2022-09-26T07:16:11, 7.625, 2.11, 0.0
2022-09-26T07:17:12, 7.5625, 2.86, 0.0
2022-09-26T07:18:13, 7.625, 2.88, 0.0
2022-09-26T07:19:14, 7.6875, 3.85, 0.0
2022-09-26T07:20:15, 7.6875, 1.88, 0.0
2022-09-26T07:21:16, 7.6875, 2.47, 0.0
2022-09-26T07:22:17, 7.5, 2.05, 0.0
2022-09-26T07:23:17, 7.5, 1.34, 0.0
2022-09-26T07:24:18, 7.625, 2.43, 0.0
2022-09-26T07:25:19, 7.625, 2.23, 0.0
2022-09-26T07:26:20, 7.625, 2.9, 0.0
2022-09-26T07:27:21, 7.5625, 1.87, 0.0
2022-09-26T07:28:22, 7.6875, 3.08, 0.0
2022-09-26T07:29:23, 7.6875, 2.41, 0.0
2022-09-26T07:30:24, 7.6875, 2.62, 0.0
2022-09-26T07:31:24, 7.625, 2.39, 0.0
2022-09-26T07:32:25, 7.5, 1.66, 0.0
2022-09-26T07:33:26, 7.4375, 3.02, 0.0
2022-09-26T07:34:27, 7.5625, 2.51, 0.0
2022-09-26T07:35:28, 7.4375, 1.3, 0.0
2022-09-26T07:36:29, 7.375, 2.19, 0.0
2022-09-26T07:37:30, 7.4375, 2.67, 0.0
2022-09-26T07:38:30, 7.375, 1.64, 0.0
2022-09-26T07:39:31, 7.3125, 1.46, 0.0
2022-09-26T07:40:32, 7.4375, 2.92, 0.0
2022-09-26T07:41:33, 7.5, 2.84, 0.0
2022-09-26T07:42:34, 7.5, 2.78, 0.0
2022-09-26T07:43:35, 7.5, 1.56, 0.0
2022-09-26T07:44:36, 7.375, 0.67, 0.0
2022-09-26T07:45:36, 7.4375, 2.15, 0.0
2022-09-26T07:46:37, 7.4375, 1.5, 0.0
2022-09-26T07:47:38, 7.4375, 1.56, 0.0
2022-09-26T07:48:39, 7.4375, 1.44, 0.0
2022-09-26T07:49:40, 7.4375, 1.93, 0.0
2022-09-26T07:50:41, 7.5625, 2.11, 0.0
2022-09-26T07:51:42, 7.4375, 1.93, 0.0
2022-09-26T07:52:42, 7.4375, 1.78, 0.0
2022-09-26T07:53:43, 7.5625, 2.47, 0.0
2022-09-26T07:54:44, 7.5625, 1.97, 0.0
2022-09-26T07:55:45, 7.5625, 1.78, 0.0
2022-09-26T07:56:46, 7.5, 2.13, 0.0
2022-09-26T07:57:47, 7.5, 2.78, 0.0
2022-09-26T07:58:48, 7.5625, 2.05, 0.0
2022-09-26T07:59:48, 7.4375, 1.68, 0.0
2022-09-26T08:00:49, 7.5, 2.86, 0.0
2022-09-26T08:01:50, 7.6875, 3.33, 0.0
2022-09-26T08:02:51, 7.625, 2.68, 0.0
2022-09-26T08:03:52, 7.625, 2.9, 0.0
2022-09-26T08:04:53, 7.625, 2.31, 0.0
2022-09-26T08:05:54, 7.625, 2.74, 0.0
2022-09-26T08:06:54, 7.625, 2.17, 0.0
2022-09-26T08:07:55, 7.625, 3.0, 0.0
2022-09-26T08:08:56, 7.625, 2.64, 0.0
2022-09-26T08:09:57, 7.625, 2.55, 0.0
2022-09-26T08:10:58, 7.5625, 1.46, 0.0
2022-09-26T08:11:59, 7.5625, 2.66, 0.0
2022-09-26T08:13:00, 7.5625, 1.28, 0.0
2022-09-26T08:14:00, 7.5, 2.43, 0.0
2022-09-26T08:15:01, 7.5625, 1.99, 0.0
2022-09-26T08:16:02, 7.5625, 2.43, 0.0
2022-09-26T08:17:03, 7.4375, 1.91, 0.0
2022-09-26T08:18:04, 7.3125, 2.37, 0.0
2022-09-26T08:19:05, 7.125, 2.23, 0.0
2022-09-26T08:20:06, 7.125, 1.95, 0.0
2022-09-26T08:21:06, 7.1875, 1.94, 0.0
2022-09-26T08:22:07, 7.1875, 2.9, 0.0
2022-09-26T08:23:08, 7.1875, 2.39, 0.0
2022-09-26T08:24:09, 7.1875, 1.86, 0.0
2022-09-26T08:25:10, 7.125, 2.47, 0.0
2022-09-26T08:26:11, 7.0, 1.88, 0.0
2022-09-26T08:27:12, 6.875, 1.3, 0.0
2022-09-26T08:28:12, 6.875, 1.9, 0.0
2022-09-26T08:29:13, 6.75, 1.48, 0.0
2022-09-26T08:30:14, 6.8125, 1.6, 0.0
2022-09-26T08:31:15, 6.9375, 2.27, 0.0
2022-09-26T08:32:16, 6.9375, 2.01, 0.0
2022-09-26T08:33:17, 7.0, 1.74, 0.0
2022-09-26T08:34:18, 7.0625, 1.7, 0.0
2022-09-26T08:35:18, 7.0, 2.11, 0.0
2022-09-26T08:36:19, 7.125, 2.9, 0.0
2022-09-26T08:37:20, 7.1875, 2.96, 0.0
2022-09-26T08:38:21, 7.125, 2.33, 0.0
2022-09-26T08:39:22, 7.0625, 1.97, 0.0
2022-09-26T08:40:23, 7.1875, 2.75, 0.0
2022-09-26T08:41:24, 7.25, 2.13, 0.0
2022-09-26T08:42:24, 7.1875, 1.32, 0.0
2022-09-26T08:43:25, 7.1875, 1.64, 0.0
2022-09-26T08:44:26, 7.25, 2.82, 0.0
2022-09-26T08:45:27, 7.25, 1.24, 0.0
2022-09-26T08:46:28, 7.4375, 3.85, 0.0
2022-09-26T08:47:29, 7.4375, 2.78, 0.0
2022-09-26T08:48:30, 7.375, 2.66, 0.0
2022-09-26T08:49:31, 7.375, 2.64, 0.0
2022-09-26T08:50:31, 7.4375, 2.98, 0.0
2022-09-26T08:51:32, 7.375, 2.35, 0.0
2022-09-26T08:52:33, 7.375, 2.55, 0.0
2022-09-26T08:53:34, 7.4375, 3.47, 0.0
2022-09-26T08:54:35, 7.5, 2.78, 0.0
2022-09-26T08:55:36, 7.4375, 2.43, 0.0
2022-09-26T08:56:37, 7.5, 2.94, 0.0
2022-09-26T08:57:37, 7.5, 3.69, 0.0
2022-09-26T08:58:38, 7.5, 2.66, 0.0
2022-09-26T08:59:39, 7.5, 3.93, 0.0
2022-09-26T09:00:40, 7.4375, 2.68, 0.0
2022-09-26T09:01:41, 7.375, 1.6, 0.0
2022-09-26T09:02:42, 7.3125, 1.4, 0.0
2022-09-26T09:03:43, 7.4375, 2.7, 0.0
2022-09-26T09:04:43, 7.4375, 2.84, 0.0
2022-09-26T09:05:44, 7.375, 2.39, 0.0
2022-09-26T09:06:45, 7.5, 2.31, 0.0
2022-09-26T09:07:46, 7.4375, 2.43, 0.0
2022-09-26T09:08:47, 7.5, 2.37, 0.0
2022-09-26T09:09:48, 7.5, 2.01, 0.0
2022-09-26T09:10:49, 7.5625, 1.78, 0.0
2022-09-26T09:11:50, 7.5, 1.76, 0.0
2022-09-26T09:12:50, 7.5, 2.19, 0.0
2022-09-26T09:13:51, 7.5, 1.38, 0.0
2022-09-26T09:14:52, 7.5, 1.89, 0.0
2022-09-26T09:15:53, 7.5625, 2.49, 0.0
2022-09-26T09:16:54, 7.375, 2.15, 0.0
2022-09-26T09:17:55, 7.4375, 2.74, 0.0
2022-09-26T09:18:56, 7.4375, 2.09, 0.0
2022-09-26T09:19:56, 7.4375, 1.38, 0.0
2022-09-26T09:20:57, 7.375, 2.13, 0.0
2022-09-26T09:21:58, 7.3125, 2.78, 0.0
2022-09-26T09:22:59, 7.25, 0.99, 0.0
2022-09-26T09:24:00, 7.1875, 1.5, 0.0
2022-09-26T09:25:01, 7.25, 2.41, 0.0
2022-09-26T09:26:02, 7.25, 1.72, 0.0
2022-09-26T09:27:02, 7.25, 2.37, 0.0
2022-09-26T09:28:03, 7.25, 2.01, 0.0
2022-09-26T09:29:04, 7.25, 1.64, 0.0
2022-09-26T09:30:05, 7.3125, 1.62, 0.0
2022-09-26T09:31:06, 7.375, 1.7, 0.0
2022-09-26T09:32:07, 7.4375, 1.68, 0.0
2022-09-26T09:33:08, 7.5, 1.82, 0.0
2022-09-26T09:34:08, 7.4375, 1.62, 0.0
2022-09-26T09:35:09, 7.5, 1.68, 0.0
2022-09-26T09:36:10, 7.5, 1.54, 0.0
2022-09-26T09:37:11, 7.5, 2.09, 0.0
2022-09-26T09:38:12, 7.375, 2.21, 0.0
2022-09-26T09:39:13, 7.3125, 1.48, 0.0
2022-09-26T09:40:14, 7.125, 0.81, 0.0
2022-09-26T09:41:14, 7.25, 2.66, 0.0
2022-09-26T09:42:15, 7.1875, 1.7, 0.0
2022-09-26T09:43:16, 6.9375, 1.07, 0.0
2022-09-26T09:44:17, 6.875, 1.6, 0.0
2022-09-26T09:45:18, 7.0, 1.56, 0.0
2022-09-26T09:46:19, 6.875, 1.22, 0.0
2022-09-26T09:47:20, 6.8125, 1.82, 0.0
2022-09-26T09:48:20, 6.9375, 1.91, 0.0
2022-09-26T09:49:21, 7.125, 2.29, 0.0
2022-09-26T09:50:22, 6.9375, 1.6, 0.0
2022-09-26T09:51:23, 7.125, 2.41, 0.0
2022-09-26T09:52:24, 7.25, 2.9, 0.0
2022-09-26T09:53:25, 7.25, 2.27, 0.0
2022-09-26T09:54:26, 7.25, 2.57, 0.0
2022-09-26T09:55:27, 7.3125, 2.62, 0.0
2022-09-26T09:56:27, 7.375, 3.45, 0.0
2022-09-26T09:57:28, 7.4375, 3.71, 0.0
2022-09-26T09:58:29, 7.4375, 2.03, 0.0
2022-09-26T09:59:30, 7.4375, 2.84, 0.0
2022-09-26T10:00:31, 7.5, 2.57, 0.0
2022-09-26T10:01:32, 7.4375, 1.87, 0.0
2022-09-26T10:02:33, 7.4375, 2.51, 0.0
2022-09-26T10:03:33, 7.4375, 2.98, 0.0
2022-09-26T10:04:34, 7.4375, 1.76, 0.0
2022-09-26T10:05:35, 7.5, 2.45, 0.0
2022-09-26T10:06:36, 7.5, 2.21, 0.0
2022-09-26T10:07:37, 7.375, 1.48, 0.0
2022-09-26T10:08:38, 7.4375, 1.14, 0.0
2022-09-26T10:09:39, 7.5625, 3.45, 0.0
2022-09-26T10:10:39, 7.625, 2.59, 0.0
2022-09-26T10:11:40, 7.5625, 1.64, 0.0
2022-09-26T10:12:41, 7.625, 2.68, 0.0
2022-09-26T10:13:42, 7.5625, 1.6, 0.0
2022-09-26T10:14:43, 7.625, 2.59, 0.0
2022-09-26T10:15:44, 7.5625, 1.89, 0.0
2022-09-26T10:16:45, 7.5625, 0.81, 0.0
2022-09-26T10:17:46, 7.5625, 2.51, 0.0
2022-09-26T10:18:46, 7.5625, 2.51, 0.0
2022-09-26T10:19:47, 7.5625, 1.28, 0.0
2022-09-26T10:20:48, 7.625, 2.64, 0.0
2022-09-26T10:21:49, 7.625, 3.47, 0.0
2022-09-26T10:22:50, 7.625, 2.96, 0.0
2022-09-26T10:23:51, 7.5625, 2.82, 0.0
2022-09-26T10:24:52, 7.5, 2.57, 0.0
2022-09-26T10:25:52, 7.5, 2.37, 0.0
2022-09-26T10:26:53, 7.5, 2.64, 0.0
2022-09-26T10:27:54, 7.4375, 2.23, 0.0
2022-09-26T10:28:55, 7.375, 2.47, 0.0
2022-09-26T10:29:56, 7.4375, 2.9, 0.0
2022-09-26T10:30:57, 7.4375, 2.15, 0.0
2022-09-26T10:31:58, 7.4375, 2.98, 0.0
2022-09-26T10:32:58, 7.4375, 2.58, 0.0
2022-09-26T10:33:59, 7.375, 3.26, 0.0
2022-09-26T10:35:00, 7.4375, 3.89, 0.0
2022-09-26T10:36:01, 7.375, 3.26, 0.0
2022-09-26T10:37:02, 7.375, 2.33, 0.0
2022-09-26T10:38:03, 7.3125, 1.93, 0.0
2022-09-26T10:39:04, 7.3125, 2.45, 0.0
2022-09-26T10:40:04, 7.25, 2.56, 0.0
2022-09-26T10:41:05, 7.3125, 2.72, 0.0
2022-09-26T10:42:06, 7.3125, 2.43, 0.0
2022-09-26T10:43:07, 7.25, 2.03, 0.0
2022-09-26T10:44:08, 7.1875, 1.86, 0.0
2022-09-26T10:45:09, 7.1875, 2.35, 0.0
2022-09-26T10:46:10, 7.125, 1.3, 0.0
2022-09-26T10:47:10, 7.1875, 2.35, 0.0
2022-09-26T10:48:11, 7.125, 1.66, 0.0
2022-09-26T10:49:12, 7.0625, 1.46, 0.0
2022-09-26T10:50:13, 7.1875, 2.41, 0.0
2022-09-26T10:51:14, 7.125, 1.7, 0.0
2022-09-26T10:52:15, 7.1875, 2.39, 0.0
2022-09-26T10:53:16, 7.25, 2.27, 0.0
2022-09-26T10:54:16, 7.3125, 2.65, 0.0
2022-09-26T10:55:17, 7.375, 2.35, 0.0
2022-09-26T10:56:18, 7.375, 2.07, 0.0
2022-09-26T10:57:19, 7.4375, 2.37, 0.0
2022-09-26T10:58:20, 7.4375, 0.95, 0.0
2022-09-26T10:59:21, 7.5, 3.0, 0.0
2022-09-26T11:00:22, 7.5625, 2.86, 0.0
2022-09-26T11:01:22, 7.6875, 3.3, 0.0
2022-09-26T11:02:23, 7.75, 2.51, 0.0
2022-09-26T11:03:24, 7.75, 3.45, 0.0
2022-09-26T11:04:25, 7.8125, 3.43, 0.0
2022-09-26T11:05:26, 7.8125, 3.54, 0.0
2022-09-26T11:06:27, 7.8125, 2.49, 0.0
2022-09-26T11:07:28, 7.875, 2.6, 0.0
2022-09-26T11:08:28, 7.875, 2.92, 0.0
2022-09-26T11:09:29, 7.9375, 2.78, 0.0
2022-09-26T11:10:30, 7.9375, 3.22, 0.0
2022-09-26T11:11:31, 8.0, 1.97, 0.0
2022-09-26T11:12:32, 8.0, 3.57, 0.0
2022-09-26T11:13:33, 8.0, 4.2, 0.0
2022-09-26T11:14:34, 8.0, 2.31, 0.0
2022-09-26T11:15:34, 8.0625, 4.2, 0.0
2022-09-26T11:16:35, 8.0625, 3.08, 0.0
2022-09-26T11:17:36, 8.125, 2.37, 0.0
2022-09-26T11:18:37, 8.125, 3.0, 0.0
2022-09-26T11:19:38, 8.1875, 2.07, 0.0
2022-09-26T11:20:39, 8.1875, 2.74, 0.0
2022-09-26T11:21:40, 8.25, 2.7, 0.0
2022-09-26T11:22:40, 8.25, 3.3, 0.0
2022-09-26T11:23:41, 8.25, 4.16, 0.0
2022-09-26T11:24:42, 8.3125, 3.22, 0.0
2022-09-26T11:25:43, 8.375, 2.8, 0.0
2022-09-26T11:26:44, 8.375, 3.63, 0.0
2022-09-26T11:27:45, 8.4375, 2.21, 0.0
2022-09-26T11:28:46, 8.5, 2.68, 0.0
2022-09-26T11:29:47, 8.5, 3.0, 0.0
2022-09-26T11:30:47, 8.5625, 1.86, 0.0
2022-09-26T11:31:48, 8.625, 2.43, 0.0
2022-09-26T11:32:49, 8.625, 2.47, 0.0
2022-09-26T11:33:50, 8.625, 2.84, 0.0
2022-09-26T11:34:51, 8.6875, 3.47, 0.0
2022-09-26T11:35:52, 8.75, 3.04, 0.0
2022-09-26T11:36:53, 8.75, 3.44, 0.0
2022-09-26T11:37:53, 8.75, 3.41, 0.0
2022-09-26T11:38:54, 8.75, 3.37, 0.0
2022-09-26T11:39:55, 8.75, 3.91, 0.0
2022-09-26T11:40:56, 8.875, 2.84, 0.0
2022-09-26T11:41:57, 9.0, 1.76, 0.0
2022-09-26T11:42:58, 8.9375, 3.51, 0.0
2022-09-26T11:43:59, 8.9375, 3.89, 0.0
2022-09-26T11:44:59, 9.0625, 2.66, 0.0
2022-09-26T11:46:00, 9.125, 2.98, 0.0
2022-09-26T11:47:01, 9.5, 3.31, 0.0
2022-09-26T11:48:02, 9.4375, 2.68, 0.0
2022-09-26T11:49:03, 9.3125, 2.49, 0.0
2022-09-26T11:50:04, 9.375, 1.93, 0.0
2022-09-26T11:51:05, 9.25, 2.9, 0.0
2022-09-26T11:52:05, 9.0625, 3.89, 0.0
2022-09-26T11:53:06, 9.0, 4.22, 0.0
2022-09-26T11:54:07, 9.5, 3.77, 0.0
2022-09-26T11:55:08, 9.625, 2.92, 0.0
2022-09-26T11:56:09, 10.1875, 3.93, 0.0
2022-09-26T11:57:10, 10.0, 1.87, 0.0
2022-09-26T11:58:11, 9.9375, 2.13, 0.0
2022-09-26T11:59:11, 9.9375, 3.22, 0.0
2022-09-26T12:00:12, 10.0, 3.4, 0.0
2022-09-26T12:01:13, 10.1875, 3.85, 0.0
2022-09-26T12:02:14, 10.125, 2.49, 0.0
2022-09-26T12:03:15, 9.875, 2.37, 0.0
2022-09-26T12:04:16, 9.9375, 3.55, 0.0
2022-09-26T12:05:17, 10.4375, 4.23, 0.0
2022-09-26T12:06:17, 10.375, 1.99, 0.0
2022-09-26T12:07:18, 9.9375, 2.05, 0.0
2022-09-26T12:08:19, 9.6875, 1.78, 0.0
2022-09-26T12:09:20, 9.3125, 3.65, 0.0
2022-09-26T12:10:21, 9.0625, 4.14, 0.0
2022-09-26T12:11:22, 8.875, 4.64, 0.0
2022-09-26T12:12:23, 8.8125, 3.71, 0.0
2022-09-26T12:13:24, 8.75, 2.92, 0.0
2022-09-26T12:14:24, 8.6875, 2.57, 0.0
2022-09-26T12:15:25, 8.6875, 2.45, 0.0
2022-09-26T12:16:26, 8.6875, 3.28, 0.0
2022-09-26T12:17:27, 8.875, 1.7, 0.0
2022-09-26T12:18:28, 9.9375, 2.27, 0.0
2022-09-26T12:19:29, 10.75, 2.98, 0.0
2022-09-26T12:20:30, 11.125, 3.37, 0.0
2022-09-26T12:21:30, 10.75, 2.21, 0.0
2022-09-26T12:22:31, 10.125, 1.76, 0.0
2022-09-26T12:23:32, 9.9375, 2.01, 0.0
2022-09-26T12:24:33, 10.0, 2.86, 0.0
2022-09-26T12:25:34, 10.625, 4.1, 0.0
2022-09-26T12:26:35, 11.4375, 3.3, 0.0
2022-09-26T12:27:36, 11.1875, 3.73, 0.0
2022-09-26T12:28:36, 11.6875, 2.59, 0.0
2022-09-26T12:29:37, 12.3125, 3.27, 0.0
2022-09-26T12:30:38, 12.4375, 2.88, 0.0
2022-09-26T12:31:39, 12.375, 3.63, 0.0
2022-09-26T12:32:40, 12.5, 4.08, 0.0
2022-09-26T12:33:41, 13.0, 3.0, 0.0
2022-09-26T12:34:42, 11.9375, 4.36, 0.0
2022-09-26T12:35:43, 11.4375, 3.91, 0.0
2022-09-26T12:36:43, 12.125, 3.22, 0.0
2022-09-26T12:37:44, 12.125, 2.82, 0.0
2022-09-26T12:38:45, 11.875, 3.83, 0.0
2022-09-26T12:39:46, 11.625, 3.34, 0.0
2022-09-26T12:40:47, 11.5625, 3.59, 0.0
2022-09-26T12:41:48, 11.5625, 3.53, 0.0
2022-09-26T12:42:49, 11.25, 4.26, 0.0
2022-09-26T12:43:49, 11.1875, 3.43, 0.0
2022-09-26T12:44:50, 11.125, 3.12, 0.0
2022-09-26T12:45:51, 11.0625, 3.35, 0.0
2022-09-26T12:46:52, 11.0625, 3.67, 0.0
2022-09-26T12:47:53, 11.0, 3.36, 0.0
2022-09-26T12:48:54, 10.6875, 4.76, 0.0
2022-09-26T12:49:55, 10.75, 3.06, 0.0
2022-09-26T12:50:55, 10.8125, 1.7, 0.0
2022-09-26T12:51:56, 10.625, 3.43, 0.0
2022-09-26T12:52:57, 10.5625, 4.03, 0.0
2022-09-26T12:53:58, 10.4375, 5.33, 0.0
2022-09-26T12:54:59, 10.5625, 2.94, 0.0
2022-09-26T12:56:00, 10.4375, 4.72, 0.0
2022-09-26T12:57:01, 10.375, 4.46, 0.0
2022-09-26T12:58:01, 10.375, 4.2, 0.0
2022-09-26T12:59:02, 10.4375, 3.87, 0.0
2022-09-26T13:00:03, 10.4375, 4.08, 0.0
2022-09-26T13:01:04, 10.5, 4.14, 0.0
2022-09-26T13:02:05, 10.5625, 3.0, 0.0
2022-09-26T13:03:06, 10.5625, 4.2, 0.0
2022-09-26T13:04:07, 10.5625, 4.16, 0.0
2022-09-26T13:05:08, 10.75, 2.15, 0.0
2022-09-26T13:06:08, 10.75, 2.64, 0.0
2022-09-26T13:07:09, 10.8125, 3.0, 0.0
2022-09-26T13:08:10, 10.6875, 3.95, 0.0
2022-09-26T13:09:11, 10.6875, 4.26, 0.0
2022-09-26T13:10:12, 10.875, 2.86, 0.0
2022-09-26T13:11:13, 11.125, 2.13, 0.0
2022-09-26T13:12:14, 11.375, 2.65, 0.0
2022-09-26T13:13:14, 11.5625, 3.36, 0.0
2022-09-26T13:14:15, 11.625, 3.5, 0.0
2022-09-26T13:15:16, 11.75, 3.0, 0.0
2022-09-26T13:16:17, 11.5625, 3.99, 0.0
2022-09-26T13:17:18, 11.375, 4.8, 0.0
2022-09-26T13:18:19, 11.375, 4.82, 0.0
2022-09-26T13:19:20, 11.5, 3.65, 0.0
2022-09-26T13:20:20, 11.5, 3.39, 0.0
2022-09-26T13:21:21, 11.5625, 3.45, 0.0
2022-09-26T13:22:22, 11.4375, 3.69, 0.0
2022-09-26T13:23:23, 11.6875, 1.87, 0.0
2022-09-26T13:24:24, 12.125, 2.11, 0.0
2022-09-26T13:25:25, 11.9375, 3.45, 0.0
2022-09-26T13:26:26, 11.75, 4.22, 0.0
2022-09-26T13:27:26, 11.9375, 2.66, 0.0
2022-09-26T13:28:27, 11.8125, 4.22, 0.0
2022-09-26T13:29:28, 11.625, 5.33, 0.0
2022-09-26T13:30:29, 11.875, 2.88, 0.0
2022-09-26T13:31:30, 11.6875, 4.2, 0.0
2022-09-26T13:32:31, 11.8125, 3.26, 0.0
2022-09-26T13:33:32, 12.3125, 2.21, 0.0
2022-09-26T13:34:32, 12.25, 1.82, 0.0
2022-09-26T13:35:33, 12.25, 2.78, 0.0
2022-09-26T13:36:34, 12.3125, 4.72, 0.0
2022-09-26T13:37:35, 12.375, 3.35, 0.0
2022-09-26T13:38:36, 12.375, 2.39, 0.0
2022-09-26T13:39:37, 12.625, 1.91, 0.0
2022-09-26T13:40:38, 12.125, 4.54, 0.0
2022-09-26T13:41:38, 11.8125, 5.07, 0.0
2022-09-26T13:42:39, 11.8125, 3.75, 0.0
2022-09-26T13:43:40, 11.9375, 3.14, 0.0
2022-09-26T13:44:41, 12.0, 3.28, 0.0
2022-09-26T13:45:42, 11.8125, 4.76, 0.0
2022-09-26T13:46:43, 11.9375, 3.26, 0.0
2022-09-26T13:47:44, 12.0, 3.59, 0.0
2022-09-26T13:48:44, 12.0625, 3.65, 0.0
2022-09-26T13:49:45, 12.25, 3.28, 0.0
2022-09-26T13:50:46, 12.375, 3.18, 0.0
2022-09-26T13:51:47, 12.375, 2.19, 0.0
2022-09-26T13:52:48, 12.25, 2.72, 0.0
2022-09-26T13:53:49, 12.1875, 3.08, 0.0
2022-09-26T13:54:50, 12.0625, 2.94, 0.0
2022-09-26T13:55:51, 12.0625, 3.06, 0.0
2022-09-26T13:56:51, 12.125, 4.68, 0.0
2022-09-26T13:57:52, 12.25, 5.29, 0.0
2022-09-26T13:58:53, 12.875, 3.12, 0.0
2022-09-26T13:59:54, 12.6875, 4.22, 0.0
2022-09-26T14:00:55, 13.3125, 2.68, 0.0
2022-09-26T14:01:56, 13.3125, 5.01, 0.0
2022-09-26T14:02:57, 14.125, 3.04, 0.0
2022-09-26T14:03:57, 13.875, 2.94, 0.0
2022-09-26T14:04:58, 13.5, 2.7, 0.0
2022-09-26T14:05:59, 12.9375, 5.05, 0.0
2022-09-26T14:07:00, 12.6875, 4.07, 0.0
2022-09-26T14:08:01, 12.8125, 3.55, 0.0
2022-09-26T14:09:02, 13.25, 2.96, 0.0
2022-09-26T14:10:03, 13.3125, 3.06, 0.0
2022-09-26T14:11:03, 13.3125, 3.16, 0.0
2022-09-26T14:12:04, 13.0625, 3.77, 0.0
2022-09-26T14:13:05, 12.9375, 3.39, 0.0
2022-09-26T14:14:06, 12.875, 2.47, 0.0
2022-09-26T14:15:07, 12.8125, 3.18, 0.0
2022-09-26T14:16:08, 12.5625, 4.01, 0.0
2022-09-26T14:17:09, 12.5625, 3.95, 0.0
2022-09-26T14:18:09, 12.625, 2.94, 0.0
2022-09-26T14:19:10, 12.75, 2.98, 0.0
2022-09-26T14:20:11, 12.5, 4.22, 0.0
2022-09-26T14:21:12, 12.5625, 3.89, 0.0
2022-09-26T14:22:13, 12.375, 5.51, 0.0
2022-09-26T14:23:14, 12.75, 2.8, 0.0
2022-09-26T14:24:15, 12.5625, 4.13, 0.0
2022-09-26T14:25:15, 13.0, 3.12, 0.0
2022-09-26T14:26:16, 13.1875, 3.04, 0.0
2022-09-26T14:27:17, 12.875, 4.62, 0.0
2022-09-26T14:28:18, 12.8125, 4.3, 0.0
2022-09-26T14:29:19, 12.8125, 5.19, 0.0
2022-09-26T14:30:20, 13.0625, 3.33, 0.0
2022-09-26T14:31:21, 13.375, 3.57, 0.0
2022-09-26T14:32:22, 13.6875, 4.05, 0.0
2022-09-26T14:33:22, 14.5, 3.2, 0.0
2022-09-26T14:34:23, 14.0, 2.55, 0.0
2022-09-26T14:35:24, 13.6875, 2.59, 0.0
2022-09-26T14:36:25, 12.875, 4.83, 0.0
2022-09-26T14:37:26, 12.5625, 4.62, 0.0
2022-09-26T14:38:27, 12.5625, 3.26, 0.0
2022-09-26T14:39:28, 12.375, 4.5, 0.0
2022-09-26T14:40:28, 12.5, 3.41, 0.0
2022-09-26T14:41:29, 12.625, 3.79, 0.0
2022-09-26T14:42:30, 12.375, 5.74, 0.0
2022-09-26T14:43:31, 12.5625, 3.95, 0.0
2022-09-26T14:44:32, 12.4375, 5.37, 0.0
2022-09-26T14:45:33, 12.625, 4.42, 0.0
2022-09-26T14:46:34, 12.5625, 4.14, 0.0
2022-09-26T14:47:35, 12.4375, 5.51, 0.0
2022-09-26T14:48:35, 12.5, 3.93, 0.0
2022-09-26T14:49:36, 12.375, 5.41, 0.0
2022-09-26T14:50:37, 12.4375, 3.85, 0.0
2022-09-26T14:51:38, 12.5625, 3.32, 0.0
2022-09-26T14:52:39, 12.6875, 3.79, 0.0
2022-09-26T14:53:40, 12.6875, 4.14, 0.0
2022-09-26T14:54:41, 12.625, 4.32, 0.0
2022-09-26T14:55:41, 12.375, 3.34, 0.0
2022-09-26T14:56:42, 12.1875, 3.63, 0.0
2022-09-26T14:57:43, 11.875, 3.63, 0.0
2022-09-26T14:58:44, 12.625, 2.72, 0.0
2022-09-26T14:59:45, 14.0, 1.95, 0.0
2022-09-26T15:00:46, 15.625, 3.71, 0.0
2022-09-26T15:01:47, 16.4375, 2.98, 0.0
2022-09-26T15:02:47, 15.4375, 3.45, 0.0
2022-09-26T15:03:48, 13.625, 6.31, 0.0
2022-09-26T15:04:49, 12.75, 5.05, 0.0
2022-09-26T15:05:50, 12.0625, 3.77, 0.0
2022-09-26T15:06:51, 11.5, 4.1, 0.0
2022-09-26T15:07:52, 10.8125, 4.32, 0.0
2022-09-26T15:08:53, 10.625, 2.7, 0.0
2022-09-26T15:09:53, 10.1875, 2.96, 0.28
2022-09-26T15:10:54, 9.8125, 4.02, 0.0
2022-09-26T15:11:55, 9.5, 5.41, 0.0
2022-09-26T15:12:56, 9.4375, 4.73, 0.0
2022-09-26T15:13:57, 9.375, 3.99, 0.0
2022-09-26T15:14:58, 9.3125, 4.32, 0.28
2022-09-26T15:15:59, 9.3125, 3.43, 0.0
2022-09-26T15:17:00, 9.3125, 2.33, 0.0
2022-09-26T15:18:00, 9.9375, 3.06, 0.0
2022-09-26T15:19:01, 11.8125, 2.84, 0.0
2022-09-26T15:20:02, 12.5, 2.07, 0.0
2022-09-26T15:21:03, 12.5, 4.14, 0.0
2022-09-26T15:22:04, 12.9375, 4.16, 0.0
2022-09-26T15:23:05, 12.8125, 3.83, 0.0
2022-09-26T15:24:06, 13.375, 3.95, 0.0
2022-09-26T15:25:06, 14.375, 2.92, 0.0
2022-09-26T15:26:07, 14.1875, 3.45, 0.0
2022-09-26T15:27:08, 15.1875, 2.55, 0.0
2022-09-26T15:28:09, 15.5625, 2.66, 0.0
2022-09-26T15:29:10, 14.9375, 4.08, 0.0
2022-09-26T15:30:11, 13.6875, 4.52, 0.0
2022-09-26T15:31:12, 12.9375, 2.67, 0.0
2022-09-26T15:32:12, 12.25, 4.36, 0.0
2022-09-26T15:33:13, 12.0625, 3.43, 0.0
2022-09-26T15:34:14, 12.1875, 3.57, 0.0
2022-09-26T15:35:15, 12.0, 3.16, 0.0
2022-09-26T15:36:16, 12.125, 1.87, 0.0
2022-09-26T15:37:17, 11.75, 1.89, 0.0
2022-09-26T15:38:18, 11.5, 2.03, 0.0
2022-09-26T15:39:18, 11.5, 1.16, 0.0
2022-09-26T15:40:19, 11.25, 3.75, 0.0
2022-09-26T15:41:20, 10.875, 4.54, 0.0
2022-09-26T15:42:21, 10.6875, 4.28, 0.0
2022-09-26T15:43:22, 10.8125, 3.51, 0.0
2022-09-26T15:44:23, 11.4375, 3.43, 0.0
2022-09-26T15:45:24, 12.8125, 2.59, 0.0
2022-09-26T15:46:25, 12.6875, 2.33, 0.0
2022-09-26T15:47:25, 12.4375, 3.49, 0.0
2022-09-26T15:48:26, 13.0, 2.41, 0.0
2022-09-26T15:49:27, 14.0625, 3.83, 0.0
2022-09-26T15:50:28, 14.1875, 2.51, 0.0
2022-09-26T15:51:29, 15.1875, 1.26, 0.0
2022-09-26T15:52:30, 16.8125, 1.89, 0.0
2022-09-26T15:53:31, 15.875, 1.78, 0.0
2022-09-26T15:54:31, 13.5625, 3.95, 0.0
2022-09-26T15:55:32, 12.9375, 3.41, 0.0
2022-09-26T15:56:33, 12.875, 3.32, 0.0
2022-09-26T15:57:34, 12.875, 1.5, 0.0
2022-09-26T15:58:35, 12.6875, 2.68, 0.0
2022-09-26T15:59:36, 12.8125, 1.64, 0.0
2022-09-26T16:00:37, 12.9375, 2.33, 0.0
2022-09-26T16:01:37, 12.4375, 2.88, 0.0
2022-09-26T16:02:38, 12.125, 2.57, 0.0
2022-09-26T16:03:39, 11.9375, 2.74, 0.0
2022-09-26T16:04:40, 11.5625, 2.43, 0.0
2022-09-26T16:05:41, 10.8125, 2.94, 0.0
2022-09-26T16:06:42, 10.6875, 2.68, 0.0
2022-09-26T16:07:43, 10.5625, 2.7, 0.0
2022-09-26T16:08:43, 10.25, 3.18, 0.0
2022-09-26T16:09:44, 10.0, 2.31, 0.0
2022-09-26T16:10:45, 9.6875, 4.15, 0.28
2022-09-26T16:11:46, 9.6875, 3.36, 0.0
2022-09-26T16:12:47, 9.5625, 3.67, 0.28
2022-09-26T16:13:48, 9.5625, 4.05, 0.0
2022-09-26T16:14:49, 9.4375, 3.22, 0.28
2022-09-26T16:15:49, 9.75, 2.55, 0.28
2022-09-26T16:16:50, 9.625, 2.8, 0.0
2022-09-26T16:17:51, 9.6875, 2.8, 0.0
2022-09-26T16:18:52, 9.875, 2.43, 0.0
2022-09-26T16:19:53, 9.625, 2.19, 0.0
2022-09-26T16:20:54, 9.375, 3.32, 0.0
2022-09-26T16:21:55, 9.4375, 2.72, 0.28
2022-09-26T16:22:56, 9.3125, 2.43, 0.0
2022-09-26T16:23:56, 9.3125, 2.7, 0.0
2022-09-26T16:24:57, 9.375, 2.59, 0.0
2022-09-26T16:25:58, 9.5, 1.4, 0.0
2022-09-26T16:26:59, 9.5, 1.87, 0.28
2022-09-26T16:28:00, 9.375, 2.68, 0.0
2022-09-26T16:29:01, 9.25, 2.66, 0.0
2022-09-26T16:30:02, 9.125, 3.26, 0.28
2022-09-26T16:31:02, 9.1875, 3.24, 0.0
2022-09-26T16:32:03, 9.8125, 1.07, 0.0
2022-09-26T16:33:04, 9.6875, 1.42, 0.0
2022-09-26T16:34:05, 9.5625, 3.35, 0.28
2022-09-26T16:35:06, 9.5625, 2.59, 0.0
2022-09-26T16:36:07, 9.9375, 2.23, 0.0
2022-09-26T16:37:08, 10.5625, 0.95, 0.0
2022-09-26T16:38:08, 11.4375, 0.71, 0.0
2022-09-26T16:39:09, 12.375, 1.54, 0.0
2022-09-26T16:40:10, 12.8125, 1.85, 0.0
2022-09-26T16:41:11, 12.5625, 2.7, 0.0
2022-09-26T16:42:12, 12.375, 1.5, 0.0
2022-09-26T16:43:13, 11.0625, 2.23, 0.0
2022-09-26T16:44:14, 10.875, 2.76, 0.0
2022-09-26T16:45:15, 10.375, 2.55, 0.0
2022-09-26T16:46:15, 10.125, 2.9, 0.0
2022-09-26T16:47:16, 10.4375, 2.01, 0.0
2022-09-26T16:48:17, 10.375, 1.68, 0.0
2022-09-26T16:49:18, 10.5625, 1.72, 0.0
2022-09-26T16:50:19, 10.3125, 2.51, 0.0
2022-09-26T16:51:20, 10.3125, 1.89, 0.0
2022-09-26T16:52:21, 10.0, 2.31, 0.0
2022-09-26T16:53:21, 9.9375, 2.59, 0.0
2022-09-26T16:54:22, 10.125, 1.46, 0.0
2022-09-26T16:55:23, 10.0, 2.41, 0.0
2022-09-26T16:56:24, 10.25, 0.71, 0.0
2022-09-26T16:57:25, 10.0625, 2.03, 0.0
2022-09-26T16:58:26, 10.375, 1.22, 0.0
2022-09-26T16:59:27, 10.625, 1.36, 0.0
2022-09-26T17:00:27, 10.375, 1.8, 0.0
2022-09-26T17:01:28, 10.375, 2.03, 0.0
2022-09-26T17:02:29, 10.75, 0.57, 0.0
2022-09-26T17:03:30, 10.6875, 1.11, 0.0
2022-09-26T17:04:31, 10.6875, 1.07, 0.0
2022-09-26T17:05:32, 10.5625, 1.22, 0.0
2022-09-26T17:06:33, 10.4375, 1.64, 0.0
2022-09-26T17:07:33, 10.5, 1.54, 0.0
2022-09-26T17:08:34, 10.8125, 1.18, 0.0
2022-09-26T17:09:35, 11.375, 1.32, 0.0
2022-09-26T17:10:36, 11.5, 1.3, 0.0
2022-09-26T17:11:37, 11.75, 1.34, 0.0
2022-09-26T17:12:38, 12.125, 1.11, 0.0
2022-09-26T17:13:39, 12.0, 1.52, 0.0
2022-09-26T17:14:40, 12.0, 1.14, 0.0
2022-09-26T17:15:40, 11.5625, 2.21, 0.0
2022-09-26T17:16:41, 11.8125, 1.64, 0.0
2022-09-26T17:17:42, 12.125, 1.07, 0.0
2022-09-26T17:18:43, 11.8125, 2.13, 0.0
2022-09-26T17:19:44, 11.5, 1.78, 0.0
2022-09-26T17:20:45, 11.9375, 1.32, 0.0
2022-09-26T17:21:46, 12.1875, 1.4, 0.0
2022-09-26T17:22:46, 11.9375, 1.72, 0.0
2022-09-26T17:23:47, 12.1875, 1.64, 0.0
2022-09-26T17:24:48, 12.0, 1.5, 0.0
2022-09-26T17:25:49, 12.3125, 1.78, 0.0
2022-09-26T17:26:50, 12.375, 1.64, 0.0
2022-09-26T17:27:51, 12.375, 1.18, 0.0
2022-09-26T17:28:52, 12.75, 1.16, 0.0
2022-09-26T17:29:52, 12.1875, 2.41, 0.0
2022-09-26T17:30:53, 12.4375, 1.62, 0.0
2022-09-26T17:31:54, 11.8125, 2.35, 0.0
2022-09-26T17:32:55, 11.6875, 2.55, 0.0
2022-09-26T17:33:56, 11.75, 1.7, 0.0
2022-09-26T17:34:57, 11.9375, 1.18, 0.0
2022-09-26T17:35:58, 11.8125, 1.74, 0.0
2022-09-26T17:36:59, 11.5625, 1.89, 0.0
2022-09-26T17:37:59, 11.5625, 1.32, 0.0
2022-09-26T17:39:00, 11.5625, 1.74, 0.0
2022-09-26T17:40:01, 11.75, 1.09, 0.0
2022-09-26T17:41:02, 11.5625, 1.72, 0.0
2022-09-26T17:42:03, 11.625, 1.8, 0.0
2022-09-26T17:43:04, 11.6875, 2.41, 0.0
2022-09-26T17:44:05, 11.8125, 1.91, 0.0
2022-09-26T17:45:05, 12.0, 1.22, 0.0
2022-09-26T17:46:06, 12.125, 1.66, 0.0
2022-09-26T17:47:07, 12.0625, 1.34, 0.0
2022-09-26T17:48:08, 12.1875, 1.4, 0.0
2022-09-26T17:49:09, 12.25, 0.65, 0.0
2022-09-26T17:50:10, 12.125, 1.26, 0.0
2022-09-26T17:51:11, 12.0625, 1.4, 0.0
2022-09-26T17:52:11, 12.25, 0.99, 0.0
2022-09-26T17:53:12, 12.3125, 0.59, 0.0
2022-09-26T17:54:13, 12.5625, 0.67, 0.0
2022-09-26T17:55:14, 12.3125, 1.28, 0.0
2022-09-26T17:56:15, 12.125, 1.91, 0.0
2022-09-26T17:57:16, 12.5, 1.07, 0.0
2022-09-26T17:58:17, 13.25, 1.62, 0.0
2022-09-26T17:59:17, 13.4375, 1.12, 0.0
2022-09-26T18:00:18, 12.5625, 2.05, 0.0
2022-09-26T18:01:19, 12.875, 1.6, 0.0
2022-09-26T18:02:20, 14.3125, 2.29, 0.0
2022-09-26T18:03:21, 16.25, 1.3, 0.0
2022-09-26T18:04:22, 14.5625, 1.58, 0.0
2022-09-26T18:05:23, 13.1875, 1.82, 0.0
2022-09-26T18:06:24, 13.1875, 0.51, 0.0
2022-09-26T18:07:24, 12.875, 1.24, 0.0
2022-09-26T18:08:25, 12.625, 1.42, 0.0
2022-09-26T18:09:26, 12.5, 1.38, 0.0
2022-09-26T18:10:27, 12.3125, 1.89, 0.0
2022-09-26T18:11:28, 12.5, 1.26, 0.0
2022-09-26T18:12:29, 12.5625, 1.14, 0.0
2022-09-26T18:13:30, 12.6875, 1.3, 0.0
2022-09-26T18:14:30, 12.8125, 1.16, 0.0
2022-09-26T18:15:31, 12.875, 0.97, 0.0
2022-09-26T18:16:32, 12.8125, 1.05, 0.0
2022-09-26T18:17:33, 12.5, 1.3, 0.0
2022-09-26T18:18:34, 12.5625, 0.53, 0.0
2022-09-26T18:19:35, 12.1875, 1.32, 0.0
2022-09-26T18:20:36, 12.0625, 1.42, 0.0
2022-09-26T18:21:36, 11.8125, 1.42, 0.0
2022-09-26T18:22:37, 11.75, 1.36, 0.0
2022-09-26T18:23:38, 11.75, 1.82, 0.0
2022-09-26T18:24:39, 11.6875, 1.46, 0.0
2022-09-26T18:25:40, 11.625, 1.85, 0.0
2022-09-26T18:26:41, 11.9375, 1.01, 0.0
2022-09-26T18:27:42, 11.8125, 1.32, 0.0
2022-09-26T18:28:42, 11.6875, 1.5, 0.0
2022-09-26T18:29:43, 11.875, 0.91, 0.0
2022-09-26T18:30:44, 11.8125, 0.65, 0.0
2022-09-26T18:31:45, 12.0, 0.75, 0.0
2022-09-26T18:32:46, 11.9375, 0.63, 0.0
2022-09-26T18:33:47, 11.8125, 0.71, 0.0
2022-09-26T18:34:48, 11.6875, 0.61, 0.0
2022-09-26T18:35:48, 11.4375, 0.28, 0.0
2022-09-26T18:36:49, 11.3125, 0.47, 0.0
2022-09-26T18:37:50, 11.1875, 0.89, 0.0
2022-09-26T18:38:51, 11.0, 0.89, 0.0
2022-09-26T18:39:52, 10.5625, 1.76, 0.0
2022-09-26T18:40:53, 10.4375, 0.51, 0.0
2022-09-26T18:41:54, 10.0, 2.49, 0.0
2022-09-26T18:42:55, 9.75, 2.21, 0.0
2022-09-26T18:43:55, 9.625, 1.62, 0.0
2022-09-26T18:44:56, 9.5, 2.43, 0.0
2022-09-26T18:45:57, 9.625, 1.54, 0.0
2022-09-26T18:46:58, 9.5625, 2.88, 0.0
2022-09-26T18:47:59, 9.6875, 2.49, 0.0
2022-09-26T18:49:00, 9.6875, 3.28, 0.0
2022-09-26T18:50:01, 9.75, 2.51, 0.0
2022-09-26T18:51:01, 9.9375, 1.54, 0.0
2022-09-26T18:52:02, 10.0, 2.41, 0.0
2022-09-26T18:53:03, 10.125, 2.33, 0.0
2022-09-26T18:54:04, 10.375, 1.6, 0.0
2022-09-26T18:55:05, 10.625, 1.32, 0.0
2022-09-26T18:56:06, 10.5, 2.19, 0.0
2022-09-26T18:57:07, 10.5, 2.63, 0.0
2022-09-26T18:58:07, 10.5625, 2.09, 0.0
2022-09-26T18:59:08, 10.625, 1.42, 0.0
2022-09-26T19:00:09, 11.0625, 1.26, 0.0
2022-09-26T19:01:10, 11.0625, 1.32, 0.0
2022-09-26T19:02:11, 11.125, 0.75, 0.0
2022-09-26T19:03:12, 10.875, 1.92, 0.0
2022-09-26T19:04:12, 11.0625, 1.76, 0.0
2022-09-26T19:05:13, 11.375, 2.47, 0.0
2022-09-26T19:06:14, 11.4375, 1.42, 0.0
2022-09-26T19:07:15, 11.1875, 1.91, 0.0
2022-09-26T19:08:16, 11.1875, 1.14, 0.0
2022-09-26T19:09:17, 11.0, 2.43, 0.0
2022-09-26T19:10:18, 11.1875, 1.11, 0.0
2022-09-26T19:11:18, 11.0625, 2.09, 0.0
2022-09-26T19:12:19, 10.8125, 2.82, 0.0
2022-09-26T19:13:20, 10.8125, 2.39, 0.0
2022-09-26T19:14:21, 10.9375, 2.33, 0.0
2022-09-26T19:15:22, 10.875, 2.59, 0.0
2022-09-26T19:16:23, 11.0, 2.11, 0.0
2022-09-26T19:17:24, 11.125, 2.03, 0.0
2022-09-26T19:18:25, 11.125, 2.43, 0.0
2022-09-26T19:19:25, 11.0, 2.98, 0.0
2022-09-26T19:20:26, 11.0, 3.06, 0.0
2022-09-26T19:21:27, 11.0625, 2.72, 0.0
2022-09-26T19:22:28, 11.1875, 1.05, 0.0
2022-09-26T19:23:29, 10.9375, 3.18, 0.0
2022-09-26T19:24:30, 10.875, 2.9, 0.0
2022-09-26T19:25:31, 10.6875, 3.22, 0.0
2022-09-26T19:26:31, 10.5625, 3.22, 0.0
2022-09-26T19:27:32, 10.5, 3.79, 0.0
2022-09-26T19:28:33, 10.4375, 2.9, 0.0
2022-09-26T19:29:34, 10.3125, 2.59, 0.0
2022-09-26T19:30:35, 10.0625, 2.59, 0.0
2022-09-26T19:31:36, 9.625, 2.49, 0.0
2022-09-26T19:32:37, 9.5, 2.53, 0.0
2022-09-26T19:33:37, 9.5625, 1.99, 0.0
2022-09-26T19:34:38, 9.3125, 3.83, 0.0
2022-09-26T19:35:39, 9.3125, 3.35, 0.0
2022-09-26T19:36:40, 9.3125, 1.96, 0.0
2022-09-26T19:37:41, 9.375, 1.97, 0.0
2022-09-26T19:38:42, 9.4375, 2.62, 0.0
2022-09-26T19:39:43, 9.4375, 2.09, 0.0
2022-09-26T19:40:43, 9.4375, 3.28, 0.0
2022-09-26T19:41:44, 9.4375, 2.84, 0.0
2022-09-26T19:42:45, 9.375, 3.32, 0.0
2022-09-26T19:43:46, 9.5, 2.37, 0.0
2022-09-26T19:44:47, 9.5625, 1.82, 0.0
2022-09-26T19:45:48, 9.375, 3.2, 0.0
2022-09-26T19:46:49, 9.4375, 2.23, 0.0
2022-09-26T19:47:49, 9.5625, 0.69, 0.0
2022-09-26T19:48:50, 9.5625, 2.15, 0.0
2022-09-26T19:49:51, 9.625, 2.19, 0.0
2022-09-26T19:50:52, 10.0, 1.3, 0.0
2022-09-26T19:51:53, 10.125, 2.11, 0.0
2022-09-26T19:52:54, 10.25, 2.53, 0.0
2022-09-26T19:53:55, 10.375, 2.84, 0.0
2022-09-26T19:54:55, 11.9375, 1.99, 0.0
2022-09-26T19:55:56, 11.875, 2.13, 0.0
2022-09-26T19:56:57, 11.125, 2.05, 0.0
2022-09-26T19:57:58, 10.5625, 2.76, 0.0
2022-09-26T19:58:59, 10.4375, 2.17, 0.0
2022-09-26T20:00:00, 10.375, 1.66, 0.0
2022-09-26T20:01:01, 10.4375, 1.03, 0.0
2022-09-26T20:02:01, 10.375, 1.07, 0.0
2022-09-26T20:03:02, 10.3125, 1.7, 0.0
2022-09-26T20:04:03, 10.25, 1.48, 0.0
2022-09-26T20:05:04, 10.375, 1.28, 0.0
2022-09-26T20:06:05, 10.375, 1.99, 0.0
2022-09-26T20:07:06, 10.5, 1.2, 0.0
2022-09-26T20:08:07, 10.625, 1.22, 0.0
2022-09-26T20:09:08, 10.6875, 1.68, 0.0
2022-09-26T20:10:08, 10.75, 1.6, 0.0
2022-09-26T20:11:09, 10.9375, 1.07, 0.0
2022-09-26T20:12:10, 10.8125, 1.36, 0.0
2022-09-26T20:13:11, 10.5625, 1.78, 0.0
2022-09-26T20:14:12, 10.4375, 1.78, 0.0
2022-09-26T20:15:13, 10.5, 1.68, 0.0
2022-09-26T20:16:14, 10.625, 2.09, 0.0
2022-09-26T20:17:14, 10.5, 2.72, 0.0
2022-09-26T20:18:15, 10.4375, 1.97, 0.0
2022-09-26T20:19:16, 10.375, 2.35, 0.0
2022-09-26T20:20:17, 10.3125, 1.85, 0.0
2022-09-26T20:21:18, 10.25, 2.17, 0.0
2022-09-26T20:22:19, 10.3125, 1.78, 0.0
2022-09-26T20:23:20, 10.375, 1.95, 0.0
2022-09-26T20:24:20, 10.5, 1.52, 0.0
2022-09-26T20:25:21, 10.5, 2.35, 0.0
2022-09-26T20:26:22, 10.6875, 1.6, 0.0
2022-09-26T20:27:23, 10.625, 1.76, 0.0
2022-09-26T20:28:24, 10.625, 1.32, 0.0
2022-09-26T20:29:25, 10.625, 1.66, 0.0
2022-09-26T20:30:26, 10.5, 2.31, 0.0
2022-09-26T20:31:26, 10.5, 1.3, 0.0
2022-09-26T20:32:27, 10.4375, 0.99, 0.0
2022-09-26T20:33:28, 10.4375, 1.07, 0.0
2022-09-26T20:34:29, 10.375, 0.79, 0.0
2022-09-26T20:35:30, 10.1875, 2.11, 0.0
2022-09-26T20:36:31, 10.0625, 3.04, 0.0
2022-09-26T20:37:32, 10.0, 2.37, 0.0
2022-09-26T20:38:33, 10.0, 2.21, 0.0
2022-09-26T20:39:33, 10.0625, 1.5, 0.0
2022-09-26T20:40:34, 10.0625, 1.74, 0.0
2022-09-26T20:41:35, 10.0, 1.54, 0.0
2022-09-26T20:42:36, 10.0, 1.26, 0.0
2022-09-26T20:43:37, 9.9375, 2.74, 0.0
2022-09-26T20:44:38, 9.9375, 2.55, 0.0
2022-09-26T20:45:39, 9.8125, 2.31, 0.0
2022-09-26T20:46:39, 9.8125, 2.82, 0.0
2022-09-26T20:47:40, 9.8125, 1.56, 0.0
2022-09-26T20:48:41, 9.8125, 2.51, 0.0
2022-09-26T20:49:42, 9.5625, 1.54, 0.0
2022-09-26T20:50:43, 9.375, 1.4, 0.0
2022-09-26T20:51:44, 9.1875, 2.03, 0.0
2022-09-26T20:52:45, 9.125, 2.6, 0.0
2022-09-26T20:53:45, 9.1875, 1.34, 0.0
2022-09-26T20:54:46, 9.125, 2.21, 0.0
2022-09-26T20:55:47, 9.125, 2.51, 0.0
2022-09-26T20:56:48, 9.125, 1.66, 0.0
2022-09-26T20:57:49, 9.1875, 2.01, 0.0
2022-09-26T20:58:50, 9.125, 2.17, 0.0
2022-09-26T20:59:51, 9.125, 2.23, 0.0
2022-09-26T21:00:52, 9.1875, 1.11, 0.0
2022-09-26T21:01:52, 9.1875, 1.74, 0.0
2022-09-26T21:02:53, 9.5, 1.03, 0.0
2022-09-26T21:03:54, 9.75, 1.54, 0.0
2022-09-26T21:04:55, 9.375, 1.8, 0.0
2022-09-26T21:05:56, 9.1875, 1.66, 0.0
2022-09-26T21:06:57, 9.125, 1.12, 0.0
2022-09-26T21:07:58, 9.125, 1.44, 0.0
2022-09-26T21:08:58, 9.125, 1.99, 0.0
2022-09-26T21:09:59, 9.0625, 1.12, 0.0
2022-09-26T21:11:00, 9.125, 1.56, 0.0
2022-09-26T21:12:01, 9.125, 1.01, 0.0
2022-09-26T21:13:02, 9.125, 1.22, 0.0
2022-09-26T21:14:03, 9.0, 0.89, 0.0
2022-09-26T21:15:04, 8.9375, 0.41, 0.0
2022-09-26T21:16:04, 8.9375, 1.4, 0.0
2022-09-26T21:17:05, 8.9375, 1.58, 0.0
2022-09-26T21:18:06, 8.8125, 0.73, 0.0
2022-09-26T21:19:07, 8.75, 0.51, 0.0
2022-09-26T21:20:08, 8.8125, 1.4, 0.0
2022-09-26T21:21:09, 8.75, 1.12, 0.0
2022-09-26T21:22:10, 8.6875, 1.7, 0.0
2022-09-26T21:23:10, 8.8125, 1.5, 0.0
2022-09-26T21:24:11, 8.5625, 1.05, 0.0
2022-09-26T21:25:12, 8.5, 0.89, 0.0
2022-09-26T21:26:13, 8.625, 1.38, 0.0
2022-09-26T21:27:14, 8.6875, 1.44, 0.0
2022-09-26T21:28:15, 8.75, 1.24, 0.0
2022-09-26T21:29:16, 8.625, 1.24, 0.0
2022-09-26T21:30:17, 8.8125, 0.83, 0.0
2022-09-26T21:31:17, 8.6875, 0.63, 0.0
2022-09-26T21:32:18, 8.625, 0.75, 0.0
2022-09-26T21:33:19, 8.5625, 0.45, 0.0
2022-09-26T21:34:20, 8.5625, 0.45, 0.0
2022-09-26T21:35:21, 8.5, 1.34, 0.0
2022-09-26T21:36:22, 8.375, 1.34, 0.0
2022-09-26T21:37:23, 8.4375, 1.14, 0.0
2022-09-26T21:38:23, 8.3125, 0.89, 0.0
2022-09-26T21:39:24, 8.25, 0.99, 0.0
2022-09-26T21:40:25, 8.125, 0.34, 0.0
2022-09-26T21:41:26, 8.375, 1.3, 0.0
2022-09-26T21:42:27, 8.5625, 1.84, 0.0
2022-09-26T21:43:28, 8.4375, 1.64, 0.0
2022-09-26T21:44:29, 8.5, 1.93, 0.0
2022-09-26T21:45:29, 8.5625, 1.34, 0.0
2022-09-26T21:46:30, 8.5625, 1.66, 0.0
2022-09-26T21:47:31, 8.5, 1.86, 0.0
2022-09-26T21:48:32, 8.25, 0.81, 0.0
2022-09-26T21:49:33, 8.0, 0.18, 0.0
2022-09-26T21:50:34, 7.6875, 0.53, 0.0
2022-09-26T21:51:35, 8.1875, 0.93, 0.0
2022-09-26T21:52:36, 8.1875, 0.83, 0.0
2022-09-26T21:53:36, 8.1875, 0.89, 0.0
2022-09-26T21:54:37, 7.875, 0.85, 0.0
2022-09-26T21:55:38, 7.6875, 0.69, 0.0
2022-09-26T21:56:39, 8.0625, 1.38, 0.0
2022-09-26T21:57:40, 8.125, 1.05, 0.0
2022-09-26T21:58:41, 7.875, 0.93, 0.0
2022-09-26T21:59:42, 8.0625, 1.32, 0.0
2022-09-26T22:00:42, 7.875, 0.95, 0.0
2022-09-26T22:01:43, 7.6875, 0.73, 0.0
2022-09-26T22:02:44, 7.8125, 0.51, 0.0
2022-09-26T22:03:45, 7.75, 0.97, 0.0
2022-09-26T22:04:46, 7.4375, 0.65, 0.0
2022-09-26T22:05:47, 7.6875, 1.36, 0.0
2022-09-26T22:06:48, 7.8125, 1.07, 0.0
2022-09-26T22:07:49, 7.6875, 0.75, 0.0
2022-09-26T22:08:49, 7.875, 1.24, 0.0
2022-09-26T22:09:50, 7.75, 1.05, 0.0
2022-09-26T22:10:51, 7.9375, 1.4, 0.0
2022-09-26T22:11:52, 7.9375, 1.24, 0.0
2022-09-26T22:12:53, 7.9375, 1.07, 0.0
2022-09-26T22:13:54, 8.375, 2.11, 0.0
2022-09-26T22:14:55, 8.25, 1.38, 0.0
2022-09-26T22:15:55, 8.125, 1.09, 0.0
2022-09-26T22:16:56, 7.9375, 1.07, 0.0
2022-09-26T22:17:57, 8.0, 1.44, 0.0
2022-09-26T22:18:58, 8.0, 1.24, 0.0
2022-09-26T22:19:59, 8.0, 0.95, 0.0
2022-09-26T22:21:00, 7.9375, 0.99, 0.0
2022-09-26T22:22:01, 7.625, 0.63, 0.0
2022-09-26T22:23:01, 7.6875, 1.07, 0.0
2022-09-26T22:24:02, 7.6875, 0.93, 0.0
2022-09-26T22:25:03, 7.625, 1.14, 0.0
2022-09-26T22:26:04, 7.5625, 1.01, 0.0
2022-09-26T22:27:05, 7.5625, 0.95, 0.0
2022-09-26T22:28:06, 7.5625, 0.18, 0.0
2022-09-26T22:29:07, 7.375, 0.02, 0.0
2022-09-26T22:30:08, 7.3125, 0.02, 0.0
2022-09-26T22:31:08, 7.3125, 0.04, 0.0
2022-09-26T22:32:09, 7.3125, 0.39, 0.0
2022-09-26T22:33:10, 7.375, 0.57, 0.0
2022-09-26T22:34:11, 6.9375, 0.47, 0.0
2022-09-26T22:35:12, 7.125, 0.87, 0.0
2022-09-26T22:36:13, 7.1875, 1.26, 0.0
2022-09-26T22:37:13, 7.25, 0.55, 0.0
2022-09-26T22:38:14, 7.0625, 0.63, 0.0
2022-09-26T22:39:15, 7.25, 0.87, 0.0
2022-09-26T22:40:16, 7.25, 1.05, 0.0
2022-09-26T22:41:17, 7.5, 0.95, 0.0
2022-09-26T22:42:18, 7.625, 0.77, 0.0
2022-09-26T22:43:19, 7.5, 0.75, 0.0
2022-09-26T22:44:20, 7.25, 0.24, 0.0
2022-09-26T22:45:20, 7.1875, 1.3, 0.0
2022-09-26T22:46:21, 7.5, 1.96, 0.0
2022-09-26T22:47:22, 7.6875, 1.46, 0.0
2022-09-26T22:48:23, 7.5625, 1.3, 0.0
2022-09-26T22:49:24, 7.625, 1.42, 0.0
2022-09-26T22:50:25, 7.375, 0.39, 0.0
2022-09-26T22:51:25, 7.3125, 0.71, 0.0
2022-09-26T22:52:26, 7.6875, 1.58, 0.0
2022-09-26T22:53:27, 7.5, 1.24, 0.0
2022-09-26T22:54:28, 7.6875, 1.52, 0.0
2022-09-26T22:55:29, 7.6875, 2.11, 0.0
2022-09-26T22:56:30, 7.75, 2.01, 0.0
2022-09-26T22:57:31, 7.6875, 1.6, 0.0
2022-09-26T22:58:32, 7.75, 1.78, 0.0
2022-09-26T22:59:32, 7.875, 2.7, 0.0
2022-09-26T23:00:33, 7.9375, 3.3, 0.0
2022-09-26T23:01:34, 7.8125, 1.86, 0.0
2022-09-26T23:02:35, 7.8125, 1.89, 0.0
2022-09-26T23:03:36, 7.625, 1.78, 0.0
2022-09-26T23:04:37, 7.5625, 1.68, 0.0
2022-09-26T23:05:37, 7.5625, 1.99, 0.0
2022-09-26T23:06:38, 7.375, 1.4, 0.0
2022-09-26T23:07:39, 7.5625, 1.2, 0.0
2022-09-26T23:08:40, 7.4375, 1.05, 0.0
2022-09-26T23:09:41, 7.3125, 0.53, 0.0
2022-09-26T23:10:42, 7.375, 0.63, 0.0
2022-09-26T23:11:43, 7.3125, 0.49, 0.0
2022-09-26T23:12:44, 7.25, 0.02, 0.0
2022-09-26T23:13:44, 7.625, 1.68, 0.0
2022-09-26T23:14:45, 7.5625, 1.34, 0.0
2022-09-26T23:15:46, 7.625, 1.99, 0.0
2022-09-26T23:16:47, 7.6875, 1.54, 0.0
2022-09-26T23:17:48, 7.6875, 1.8, 0.0
2022-09-26T23:18:49, 7.6875, 1.91, 0.0
2022-09-26T23:19:50, 7.4375, 1.36, 0.0
2022-09-26T23:20:50, 7.5, 1.54, 0.0
2022-09-26T23:21:51, 7.5, 1.99, 0.0
2022-09-26T23:22:52, 7.4375, 2.17, 0.0
2022-09-26T23:23:53, 7.5, 2.47, 0.0
2022-09-26T23:24:54, 7.6875, 2.84, 0.0
2022-09-26T23:25:55, 7.5625, 1.76, 0.0
2022-09-26T23:26:56, 7.5625, 1.56, 0.0
2022-09-26T23:27:56, 7.625, 1.22, 0.0
2022-09-26T23:28:57, 7.4375, 1.76, 0.0
2022-09-26T23:29:58, 7.4375, 1.89, 0.0
2022-09-26T23:30:59, 7.5, 2.41, 0.0
2022-09-26T23:32:00, 7.4375, 1.84, 0.0
2022-09-26T23:33:01, 7.625, 2.45, 0.0
2022-09-26T23:34:02, 7.625, 2.41, 0.0
2022-09-26T23:35:03, 7.5625, 1.74, 0.0
2022-09-26T23:36:03, 7.8125, 3.41, 0.0
2022-09-26T23:37:04, 7.625, 2.61, 0.0
2022-09-26T23:38:05, 7.5, 2.03, 0.0
