Pi weather station data from codename strawberry, initialised Sun Sep 25 19:28:38 2022
Format YYYY-MM-DDTHH:MM:SS, Temperature [degC], Wind speed [km/h], Rainfall [mm]
Temperature is instantaneous, wind speed is averaged since previous measurement,
rainfall is accumulated since previous measurement.

time,temperature_degC,wind_speed_km/h,rainfall_mm
2022-09-25T19:28:39, 0.0, 0.0, 0.0
2022-09-25T19:33:39, 0.0, 0.01, 0.0
2022-09-25T19:38:39, 0.0, 0.02, 0.0
2022-09-25T19:43:39, 0.0, 0.17, 1.4
2022-09-25T19:48:39, 0.0, 0.04, 0.0
2022-09-25T19:53:39, 0.0, 0.04, 0.0
2022-09-25T19:58:39, 0.0, 0.12, 0.0
2022-09-25T20:03:39, 0.0, 0.43, 0.28
2022-09-25T20:08:39, 0.0, 0.92, 0.84
2022-09-25T20:13:39, 0.0, 0.62, 0.0
2022-09-25T20:18:39, 0.0, 0.74, 0.0
2022-09-25T20:23:39, 0.0, 1.02, 0.0
2022-09-25T20:28:39, 0.0, 1.02, 0.0
2022-09-25T20:33:39, 0.0, 1.04, 0.0
2022-09-25T20:38:39, 0.0, 1.02, 0.0
2022-09-25T20:43:39, 0.0, 0.34, 0.0
2022-09-25T20:48:40, 0.0, 0.45, 0.0
2022-09-25T20:53:40, 0.0, 0.51, 0.0
2022-09-25T20:58:40, 0.0, 0.52, 0.0
2022-09-25T21:03:40, 0.0, 0.63, 0.0
2022-09-25T21:08:40, 0.0, 0.53, 0.0
2022-09-25T21:13:40, 0.0, 0.26, 0.0
2022-09-25T21:18:40, 0.0, 0.51, 0.0
2022-09-25T21:23:40, 0.0, 0.5, 0.0
2022-09-25T21:28:40, 0.0, 0.58, 0.0
2022-09-25T21:33:40, 0.0, 0.34, 0.0
2022-09-25T21:38:40, 0.0, 0.43, 0.0
2022-09-25T21:43:40, 0.0, 0.37, 0.0
2022-09-25T21:48:40, 0.0, 0.58, 0.0
2022-09-25T21:53:40, 0.0, 0.36, 0.0
2022-09-25T21:58:41, 0.0, 0.25, 0.0
2022-09-25T22:03:41, 0.0, 0.16, 0.0
2022-09-25T22:08:41, 0.0, 0.44, 0.0
2022-09-25T22:13:41, 0.0, 0.47, 0.0
2022-09-25T22:18:41, 0.0, 0.5, 0.0
2022-09-25T22:23:41, 0.0, 0.54, 0.0
2022-09-25T22:28:41, 0.0, 0.05, 0.0
2022-09-25T22:33:41, 0.0, 0.22, 0.0
2022-09-25T22:38:41, 0.0, 0.16, 0.0
2022-09-25T22:43:41, 0.0, 0.52, 0.0
2022-09-25T22:48:41, 0.0, 0.55, 0.0
2022-09-25T22:53:41, 0.0, 0.38, 0.0
2022-09-25T22:58:41, 0.0, 0.82, 0.0
2022-09-25T23:03:41, 0.0, 1.03, 0.0
2022-09-25T23:08:42, 0.0, 0.76, 0.0
2022-09-25T23:13:42, 0.0, 0.46, 0.0
2022-09-25T23:18:42, 0.0, 0.81, 0.0
2022-09-25T23:23:42, 0.0, 0.53, 0.0
2022-09-25T23:28:42, 0.0, 0.94, 0.0
2022-09-25T23:33:42, 0.0, 0.16, 0.0
2022-09-25T23:38:42, 0.0, 0.06, 0.0
2022-09-25T23:43:42, 0.0, 0.02, 0.0
2022-09-25T23:48:42, 0.0, 0.08, 0.0
2022-09-25T23:53:42, 0.0, 0.0, 0.0
2022-09-25T23:58:42, 0.0, 0.03, 0.0
2022-09-26T00:03:42, 0.0, 0.0, 0.0
2022-09-26T00:08:42, 0.0, 0.04, 0.0
2022-09-26T00:13:43, 0.0, 0.03, 0.0
2022-09-26T00:18:43, 0.0, 0.07, 0.0
2022-09-26T00:23:43, 0.0, 0.0, 0.0
2022-09-26T00:28:43, 0.0, 0.0, 0.0
2022-09-26T00:33:43, 0.0, 0.0, 0.0
2022-09-26T00:38:43, 0.0, 0.0, 0.0
2022-09-26T00:43:43, 0.0, 0.01, 0.0
2022-09-26T00:48:43, 0.0, 0.0, 0.0
2022-09-26T00:53:43, 0.0, 0.01, 0.0
2022-09-26T00:58:43, 0.0, 0.0, 0.0
2022-09-26T01:03:43, 0.0, 0.06, 0.0
2022-09-26T01:08:43, 0.0, 0.06, 0.0
2022-09-26T01:13:43, 0.0, 0.0, 0.0
2022-09-26T01:18:43, 0.0, 0.01, 0.0
2022-09-26T01:23:43, 0.0, 0.2, 0.0
2022-09-26T01:28:44, 0.0, 0.22, 0.0
2022-09-26T01:33:44, 0.0, 0.11, 0.0
2022-09-26T01:38:44, 0.0, 0.0, 0.0
2022-09-26T01:43:44, 0.0, 0.01, 0.0
2022-09-26T01:48:44, 0.0, 0.32, 0.0
2022-09-26T01:53:44, 0.0, 0.0, 0.0
2022-09-26T01:58:44, 0.0, 0.02, 0.0
2022-09-26T02:03:44, 0.0, 0.0, 0.0
2022-09-26T02:08:44, 0.0, 0.02, 0.0
2022-09-26T02:13:44, 0.0, 0.06, 0.0
2022-09-26T02:18:44, 0.0, 0.04, 0.0
2022-09-26T02:23:44, 0.0, 0.0, 0.0
2022-09-26T02:28:44, 0.0, 0.0, 0.0
2022-09-26T02:33:44, 0.0, 0.0, 0.0
2022-09-26T02:38:44, 0.0, 0.01, 0.0
2022-09-26T02:43:44, 0.0, 0.0, 0.0
2022-09-26T02:48:44, 0.0, 0.0, 0.0
2022-09-26T02:53:45, 0.0, 0.0, 0.0
2022-09-26T02:58:45, 0.0, 0.04, 0.0
2022-09-26T03:03:45, 0.0, 0.03, 0.0
2022-09-26T03:08:45, 0.0, 0.17, 0.0
2022-09-26T03:13:45, 0.0, 0.12, 0.0
2022-09-26T03:18:45, 0.0, 0.1, 0.0
2022-09-26T03:23:45, 0.0, 0.25, 0.0
2022-09-26T03:28:45, 0.0, 0.15, 0.0
2022-09-26T03:33:45, 0.0, 0.06, 0.0
2022-09-26T03:38:45, 0.0, 0.34, 0.0
2022-09-26T03:43:45, 0.0, 0.18, 0.0
2022-09-26T03:48:45, 0.0, 0.07, 0.0
2022-09-26T03:53:45, 0.0, 0.13, 0.0
2022-09-26T03:58:45, 0.0, 0.46, 0.0
2022-09-26T04:03:45, 0.0, 0.33, 0.0
2022-09-26T04:08:46, 0.0, 0.03, 0.0
2022-09-26T04:13:46, 0.0, 0.14, 0.0
2022-09-26T04:18:46, 0.0, 0.15, 0.0
2022-09-26T04:23:46, 0.0, 0.14, 0.0
2022-09-26T04:28:46, 0.0, 0.06, 0.0
2022-09-26T04:33:46, 0.0, 0.04, 0.0
2022-09-26T04:38:46, 0.0, 0.04, 0.0
2022-09-26T04:43:46, 0.0, 0.0, 0.0
2022-09-26T04:48:46, 0.0, 0.0, 0.0
2022-09-26T04:53:46, 0.0, 0.0, 0.0
2022-09-26T04:58:46, 0.0, 0.01, 0.0
2022-09-26T05:03:46, 0.0, 0.0, 0.0
2022-09-26T05:08:46, 0.0, 0.01, 0.0
2022-09-26T05:13:46, 0.0, 0.0, 0.0
2022-09-26T05:18:46, 0.0, 0.0, 0.0
2022-09-26T05:23:46, 0.0, 0.03, 0.0
2022-09-26T05:28:46, 0.0, 0.01, 0.0
2022-09-26T05:33:47, 0.0, 0.01, 0.0
2022-09-26T05:38:47, 0.0, 0.05, 0.0
2022-09-26T05:43:47, 0.0, 0.07, 0.0
2022-09-26T05:48:47, 0.0, 0.0, 0.0
2022-09-26T05:53:47, 0.0, 0.0, 0.0
2022-09-26T05:58:47, 0.0, 0.02, 0.0
2022-09-26T06:03:47, 0.0, 0.0, 0.0
2022-09-26T06:08:47, 0.0, 0.0, 0.0
2022-09-26T06:13:47, 0.0, 0.05, 0.0
2022-09-26T06:18:47, 0.0, 0.04, 0.0
2022-09-26T06:23:47, 0.0, 0.0, 0.0
2022-09-26T06:28:47, 0.0, 0.0, 0.0
2022-09-26T06:33:47, 0.0, 0.0, 0.0
2022-09-26T06:38:48, 0.0, 0.0, 0.0
2022-09-26T06:43:48, 0.0, 0.0, 0.0
2022-09-26T06:48:48, 0.0, 0.0, 0.0
2022-09-26T06:53:48, 0.0, 0.01, 0.0
2022-09-26T06:58:48, 0.0, 0.0, 0.0
2022-09-26T07:03:48, 0.0, 0.04, 0.0
2022-09-26T07:08:48, 0.0, 0.0, 0.0
2022-09-26T07:13:48, 0.0, 0.02, 0.0
2022-09-26T07:18:48, 0.0, 0.01, 0.0
2022-09-26T07:23:48, 0.0, 0.04, 0.0
2022-09-26T07:28:48, 0.0, 0.0, 0.0
2022-09-26T07:33:48, 0.0, 0.0, 0.0
2022-09-26T07:38:48, 0.0, 0.0, 0.0
2022-09-26T07:43:48, 0.0, 0.0, 0.0
2022-09-26T07:48:48, 0.0, 0.0, 0.0
2022-09-26T07:53:49, 0.0, 0.0, 0.0
2022-09-26T07:58:49, 0.0, 0.05, 0.0
2022-09-26T08:03:49, 0.0, 0.0, 0.0
2022-09-26T08:08:49, 0.0, 0.0, 0.0
2022-09-26T08:13:49, 0.0, 0.0, 0.0
2022-09-26T08:18:49, 0.0, 0.0, 0.0
2022-09-26T08:23:49, 0.0, 0.06, 0.0
2022-09-26T08:28:49, 0.0, 0.0, 0.0
2022-09-26T08:33:49, 0.0, 0.0, 0.0
2022-09-26T08:38:49, 0.0, 0.0, 0.0
2022-09-26T08:43:49, 0.0, 0.01, 0.0
2022-09-26T08:48:49, 0.0, 0.0, 0.0
2022-09-26T08:53:49, 0.0, 0.0, 0.0
2022-09-26T08:58:49, 0.0, 0.0, 0.0
2022-09-26T09:03:49, 0.0, 0.0, 0.0
2022-09-26T09:08:49, 0.0, 0.0, 0.0
2022-09-26T09:13:49, 0.0, 0.0, 0.0
2022-09-26T09:18:49, 0.0, 0.01, 0.0
2022-09-26T09:23:49, 0.0, 0.0, 0.0
2022-09-26T09:28:50, 0.0, 0.07, 0.0
2022-09-26T09:33:50, 0.0, 0.02, 0.0
2022-09-26T09:38:50, 0.0, 0.05, 0.0
2022-09-26T09:43:50, 0.0, 0.0, 0.0
2022-09-26T09:48:50, 0.0, 0.0, 0.0
2022-09-26T09:53:50, 0.0, 0.05, 0.0
2022-09-26T09:58:50, 0.0, 0.01, 0.0
2022-09-26T10:03:50, 0.0, 0.0, 0.0
2022-09-26T10:08:50, 0.0, 0.01, 0.0
2022-09-26T10:13:50, 0.0, 0.0, 0.0
2022-09-26T10:18:50, 0.0, 0.0, 0.0
2022-09-26T10:23:50, 0.0, 0.0, 0.0
2022-09-26T10:28:50, 0.0, 0.0, 0.0
2022-09-26T10:33:51, 0.0, 0.0, 0.0
2022-09-26T10:38:51, 0.0, 0.0, 0.0
2022-09-26T10:43:51, 0.0, 0.0, 0.0
2022-09-26T10:48:51, 0.0, 0.0, 0.0
2022-09-26T10:53:51, 0.0, 0.0, 0.0
2022-09-26T10:58:51, 0.0, 0.0, 0.0
2022-09-26T11:03:51, 0.0, 0.0, 0.0
2022-09-26T11:08:51, 0.0, 0.0, 0.0
2022-09-26T11:13:51, 0.0, 0.0, 0.0
2022-09-26T11:18:51, 0.0, 0.0, 0.0
2022-09-26T11:23:51, 0.0, 0.0, 0.0
2022-09-26T11:28:51, 0.0, 0.0, 0.0
2022-09-26T11:33:51, 0.0, 0.0, 0.0
2022-09-26T11:38:51, 0.0, 0.0, 0.0
2022-09-26T11:43:51, 0.0, 0.0, 0.0
2022-09-26T11:48:51, 0.0, 0.0, 0.0
2022-09-26T11:53:52, 0.0, 0.0, 0.0
2022-09-26T11:58:52, 0.0, 0.0, 0.0
2022-09-26T12:03:52, 0.0, 0.07, 0.0
2022-09-26T12:08:52, 0.0, 0.02, 0.0
2022-09-26T12:13:52, 0.0, 0.0, 0.0
2022-09-26T12:18:52, 0.0, 0.02, 0.0
2022-09-26T12:23:52, 0.0, 0.0, 0.0
2022-09-26T12:28:52, 0.0, 0.04, 0.0
2022-09-26T12:33:52, 0.0, 0.03, 0.0
2022-09-26T12:38:52, 0.0, 0.07, 0.0
2022-09-26T12:43:52, 0.0, 0.14, 0.0
2022-09-26T12:48:52, 0.0, 0.08, 0.0
2022-09-26T12:53:52, 0.0, 0.04, 0.0
2022-09-26T12:58:52, 0.0, 0.0, 0.0
2022-09-26T13:03:52, 0.0, 0.07, 0.0
2022-09-26T13:08:52, 0.0, 0.04, 0.0
2022-09-26T13:13:53, 0.0, 0.01, 0.0
2022-09-26T13:18:53, 0.0, 0.11, 0.0
2022-09-26T13:23:53, 0.0, 0.16, 0.0
2022-09-26T13:28:53, 0.0, 0.04, 0.0
2022-09-26T13:33:53, 0.0, 0.04, 0.0
2022-09-26T13:38:53, 0.0, 0.17, 0.0
2022-09-26T13:43:53, 0.0, 0.14, 0.0
2022-09-26T13:48:53, 0.0, 0.25, 0.0
2022-09-26T13:53:53, 0.0, 0.14, 0.0
2022-09-26T13:58:53, 0.0, 0.14, 0.0
2022-09-26T14:03:53, 0.0, 0.1, 0.0
2022-09-26T14:08:53, 0.0, 0.5, 0.0
2022-09-26T14:13:53, 0.0, 0.3, 0.0
2022-09-26T14:18:53, 0.0, 0.4, 0.0
2022-09-26T14:23:53, 0.0, 0.33, 0.0
2022-09-26T14:28:53, 0.0, 0.2, 0.0
2022-09-26T14:33:53, 0.0, 0.39, 0.0
2022-09-26T14:38:53, 0.0, 0.4, 0.0
2022-09-26T14:43:54, 0.0, 0.11, 0.0
2022-09-26T14:48:54, 0.0, 0.06, 0.0
2022-09-26T14:53:54, 0.0, 0.12, 0.0
2022-09-26T14:58:54, 0.0, 0.16, 0.0
2022-09-26T15:03:54, 0.0, 0.24, 0.0
2022-09-26T15:08:54, 0.0, 0.48, 0.0
2022-09-26T15:13:54, 0.0, 0.59, 0.0
2022-09-26T15:18:54, 0.0, 0.49, 0.0
2022-09-26T15:23:54, 0.0, 0.2, 0.0
2022-09-26T15:28:54, 0.0, 0.37, 0.0
2022-09-26T15:33:54, 0.0, 0.6, 0.0
2022-09-26T15:38:54, 0.0, 0.46, 0.0
2022-09-26T15:43:54, 0.0, 0.48, 0.0
2022-09-26T15:48:54, 0.0, 0.32, 0.0
2022-09-26T15:53:54, 0.0, 0.52, 0.0
2022-09-26T15:58:54, 0.0, 0.24, 0.28
2022-09-26T16:03:55, 0.0, 0.13, 0.28
2022-09-26T16:08:55, 0.0, 0.14, 0.0
2022-09-26T16:13:55, 0.0, 0.08, 0.0
2022-09-26T16:18:55, 0.0, 0.25, 0.0
2022-09-26T16:23:55, 0.0, 0.1, 0.0
2022-09-26T16:28:55, 0.0, 0.04, 0.0
2022-09-26T16:33:55, 0.0, 0.18, 0.0
2022-09-26T16:38:55, 0.0, 0.0, 0.0
2022-09-26T16:43:55, 0.0, 0.15, 0.0
2022-09-26T16:48:55, 0.0, 0.02, 0.0
2022-09-26T16:53:55, 0.0, 0.07, 0.0
2022-09-26T16:58:55, 0.0, 0.06, 0.28
2022-09-26T17:03:55, 0.0, 0.28, 0.84
2022-09-26T17:08:55, 0.0, 0.03, 0.28
2022-09-26T17:13:55, 0.0, 0.06, 0.28
2022-09-26T17:18:55, 0.0, 0.2, 0.56
2022-09-26T17:23:55, 0.0, 0.5, 0.0
2022-09-26T17:28:56, 0.0, 0.06, 0.0
2022-09-26T17:33:56, 0.0, 0.0, 0.0
2022-09-26T17:38:56, 0.0, 0.05, 0.0
2022-09-26T17:43:56, 0.0, 0.01, 0.0
2022-09-26T17:48:56, 0.0, 0.0, 0.0
2022-09-26T17:53:56, 0.0, 0.0, 0.0
2022-09-26T17:58:56, 0.0, 0.0, 0.0
2022-09-26T18:03:56, 0.0, 0.0, 0.0
2022-09-26T18:08:56, 0.0, 0.0, 0.0
2022-09-26T18:13:56, 0.0, 0.0, 0.0
2022-09-26T18:18:56, 0.0, 0.0, 0.0
2022-09-26T18:23:56, 0.0, 0.0, 0.0
2022-09-26T18:28:56, 0.0, 0.0, 0.0
2022-09-26T18:33:56, 0.0, 0.0, 0.0
2022-09-26T18:38:56, 0.0, 0.0, 0.0
2022-09-26T18:43:56, 0.0, 0.0, 0.0
2022-09-26T18:48:56, 0.0, 0.0, 0.0
2022-09-26T18:53:56, 0.0, 0.0, 0.0
2022-09-26T18:58:56, 0.0, 0.0, 0.0
2022-09-26T19:03:57, 0.0, 0.0, 0.0
2022-09-26T19:08:57, 0.0, 0.0, 0.0
2022-09-26T19:13:57, 0.0, 0.01, 0.0
2022-09-26T19:18:57, 0.0, 0.0, 0.0
2022-09-26T19:23:57, 0.0, 0.0, 0.0
2022-09-26T19:28:57, 0.0, 0.0, 0.0
2022-09-26T19:33:57, 0.0, 0.22, 0.0
2022-09-26T19:38:57, 0.0, 0.87, 0.0
2022-09-26T19:43:57, 0.0, 0.67, 0.0
2022-09-26T19:48:57, 0.0, 0.54, 0.0
2022-09-26T19:53:57, 0.0, 0.32, 0.0
2022-09-26T19:58:57, 0.0, 0.2, 0.0
2022-09-26T20:03:57, 0.0, 0.15, 0.0
2022-09-26T20:08:57, 0.0, 0.2, 0.0
2022-09-26T20:13:57, 0.0, 0.22, 0.0
2022-09-26T20:18:57, 0.0, 0.36, 0.28
2022-09-26T20:23:58, 0.0, 0.17, 0.0
2022-09-26T20:28:58, 0.0, 0.32, 0.0
2022-09-26T20:33:58, 0.0, 0.46, 0.0
2022-09-26T20:38:58, 0.0, 0.2, 0.0
2022-09-26T20:43:58, 0.0, 0.02, 0.0
2022-09-26T20:48:58, 0.0, 0.0, 0.0
2022-09-26T20:53:58, 0.0, 0.0, 0.0
2022-09-26T20:58:58, 0.0, 0.0, 0.0
2022-09-26T21:03:58, 0.0, 0.06, 0.0
2022-09-26T21:08:58, 0.0, 0.08, 0.0
2022-09-26T21:13:58, 0.0, 0.0, 0.0
2022-09-26T21:18:58, 0.0, 0.06, 0.0
2022-09-26T21:23:58, 0.0, 0.03, 0.0
2022-09-26T21:28:58, 0.0, 0.0, 0.0
2022-09-26T21:33:58, 0.0, 0.02, 0.0
2022-09-26T21:38:59, 0.0, 0.02, 0.0
2022-09-26T21:43:59, 0.0, 0.05, 0.0
2022-09-26T21:48:59, 0.0, 0.02, 0.0
2022-09-26T21:53:59, 0.0, 0.0, 0.0
2022-09-26T21:58:59, 0.0, 0.0, 0.0
2022-09-26T22:03:59, 0.0, 0.0, 0.0
2022-09-26T22:08:59, 0.0, 0.0, 0.0
2022-09-26T22:13:59, 0.0, 0.0, 0.0
2022-09-26T22:18:59, 0.0, 0.0, 0.0
2022-09-26T22:23:59, 0.0, 0.0, 0.0
2022-09-26T22:28:59, 0.0, 0.0, 0.0
2022-09-26T22:33:59, 0.0, 0.0, 0.0
2022-09-26T22:38:59, 0.0, 0.04, 0.0
2022-09-26T22:43:59, 0.0, 0.02, 0.0
2022-09-26T22:48:59, 0.0, 0.0, 0.0
2022-09-26T22:54:00, 0.0, 0.0, 0.0
2022-09-26T22:59:00, 0.0, 0.0, 0.0
2022-09-26T23:04:00, 0.0, 0.0, 0.0
2022-09-26T23:09:00, 0.0, 0.0, 0.0
2022-09-26T23:14:00, 0.0, 0.0, 0.0
2022-09-26T23:19:00, 0.0, 0.0, 0.0
2022-09-26T23:24:00, 0.0, 0.0, 0.0
2022-09-26T23:29:00, 0.0, 0.0, 0.0
2022-09-26T23:34:00, 0.0, 0.0, 0.0
2022-09-26T23:39:00, 0.0, 0.0, 0.0
2022-09-26T23:44:00, 0.0, 0.01, 0.0
2022-09-26T23:49:00, 0.0, 0.01, 0.0
2022-09-26T23:54:00, 0.0, 0.0, 0.0
2022-09-26T23:59:00, 0.0, 0.0, 0.0
2022-09-27T00:04:00, 0.0, 0.0, 0.0
2022-09-27T00:09:01, 0.0, 0.0, 0.0
2022-09-27T00:14:01, 0.0, 0.02, 0.0
2022-09-27T00:19:01, 0.0, 0.07, 0.0
2022-09-27T00:24:01, 0.0, 0.04, 0.0
2022-09-27T00:29:01, 0.0, 0.1, 0.0
2022-09-27T00:34:01, 0.0, 0.02, 0.0
2022-09-27T00:39:01, 0.0, 0.08, 0.0
2022-09-27T00:44:01, 0.0, 0.05, 0.0
2022-09-27T00:49:01, 0.0, 0.03, 0.0
2022-09-27T00:54:01, 0.0, 0.02, 0.0
2022-09-27T00:59:01, 0.0, 0.07, 0.0
2022-09-27T01:04:01, 0.0, 0.08, 0.0
2022-09-27T01:09:02, 0.0, 0.0, 0.0
2022-09-27T01:14:02, 0.0, 0.03, 0.0
2022-09-27T01:19:02, 0.0, 0.0, 0.0
2022-09-27T01:24:02, 0.0, 0.0, 0.0
2022-09-27T01:29:02, 0.0, 0.0, 0.0
2022-09-27T01:34:02, 0.0, 0.03, 0.0
2022-09-27T01:39:02, 0.0, 0.0, 0.0
2022-09-27T01:44:02, 0.0, 0.02, 0.0
2022-09-27T01:49:02, 0.0, 0.01, 0.0
2022-09-27T01:54:02, 0.0, 0.0, 0.0
2022-09-27T01:59:02, 0.0, 0.01, 0.0
2022-09-27T02:04:02, 0.0, 0.02, 0.0
2022-09-27T02:09:02, 0.0, 0.04, 0.0
2022-09-27T02:14:02, 0.0, 0.02, 0.0
2022-09-27T02:19:02, 0.0, 0.01, 0.0
2022-09-27T02:24:02, 0.0, 0.0, 0.0
2022-09-27T02:29:02, 0.0, 0.0, 0.0
2022-09-27T02:34:03, 0.0, 0.0, 0.0
2022-09-27T02:39:03, 0.0, 0.0, 0.0
2022-09-27T02:44:03, 0.0, 0.02, 0.0
2022-09-27T02:49:03, 0.0, 0.02, 0.0
2022-09-27T02:54:03, 0.0, 0.0, 0.0
2022-09-27T02:59:03, 0.0, 0.01, 0.0
2022-09-27T03:04:03, 0.0, 0.0, 0.0
2022-09-27T03:09:03, 0.0, 0.0, 0.0
2022-09-27T03:14:03, 0.0, 0.0, 0.0
2022-09-27T03:19:03, 0.0, 0.0, 0.0
2022-09-27T03:24:03, 0.0, 0.0, 0.0
2022-09-27T03:29:03, 0.0, 0.0, 0.0
2022-09-27T03:34:03, 0.0, 0.01, 0.0
2022-09-27T03:39:03, 0.0, 0.0, 0.0
2022-09-27T03:44:03, 0.0, 0.0, 0.0
2022-09-27T03:49:03, 0.0, 0.0, 0.0
2022-09-27T03:54:04, 0.0, 0.0, 0.0
2022-09-27T03:59:04, 0.0, 0.0, 0.0
2022-09-27T04:04:04, 0.0, 0.0, 0.0
2022-09-27T04:09:04, 0.0, 0.0, 0.0
2022-09-27T04:14:04, 0.0, 0.0, 0.0
2022-09-27T04:19:04, 0.0, 0.0, 0.0
2022-09-27T04:24:04, 0.0, 0.0, 0.0
2022-09-27T04:29:04, 0.0, 0.0, 0.0
2022-09-27T04:34:04, 0.0, 0.0, 0.0
2022-09-27T04:39:04, 0.0, 0.0, 0.0
2022-09-27T04:44:04, 0.0, 0.0, 0.0
2022-09-27T04:49:04, 0.0, 0.0, 0.0
2022-09-27T04:54:04, 0.0, 0.0, 0.0
2022-09-27T04:59:04, 0.0, 0.0, 0.0
2022-09-27T05:04:04, 0.0, 0.0, 0.0
2022-09-27T05:09:04, 0.0, 0.0, 0.0
2022-09-27T05:14:05, 0.0, 0.0, 0.0
2022-09-27T05:19:05, 0.0, 0.0, 0.0
2022-09-27T05:24:05, 0.0, 0.0, 0.0
2022-09-27T05:29:05, 0.0, 0.0, 0.0
2022-09-27T05:34:05, 0.0, 0.0, 0.0
2022-09-27T05:39:05, 0.0, 0.0, 0.0
2022-09-27T05:44:05, 0.0, 0.0, 0.0
2022-09-27T05:49:05, 0.0, 0.0, 0.0
2022-09-27T05:54:05, 0.0, 0.0, 0.0
2022-09-27T05:59:05, 0.0, 0.0, 0.0
2022-09-27T06:04:05, 0.0, 0.0, 0.0
2022-09-27T06:09:05, 0.0, 0.0, 0.0
2022-09-27T06:14:05, 0.0, 0.0, 0.0
2022-09-27T06:19:05, 0.0, 0.0, 0.0
2022-09-27T06:24:05, 0.0, 0.0, 0.0
2022-09-27T06:29:05, 0.0, 0.0, 0.0
2022-09-27T06:34:06, 0.0, 0.0, 0.0
2022-09-27T06:39:06, 0.0, 0.0, 0.0
2022-09-27T06:44:06, 0.0, 0.0, 0.0
2022-09-27T06:49:06, 0.0, 0.0, 0.0
2022-09-27T06:54:06, 0.0, 0.0, 0.0
2022-09-27T06:59:06, 0.0, 0.0, 0.0
2022-09-27T07:04:06, 0.0, 0.0, 0.0
2022-09-27T07:09:06, 0.0, 0.0, 0.0
2022-09-27T07:14:06, 0.0, 0.0, 0.0
2022-09-27T07:19:06, 0.0, 0.0, 0.0
2022-09-27T07:24:06, 0.0, 0.0, 0.0
2022-09-27T07:29:06, 0.0, 0.0, 0.0
2022-09-27T07:34:06, 0.0, 0.0, 0.0
2022-09-27T07:39:07, 0.0, 0.0, 0.0
2022-09-27T07:44:07, 0.0, 0.0, 0.0
2022-09-27T07:49:07, 0.0, 0.0, 0.0
2022-09-27T07:54:07, 0.0, 0.0, 0.0
2022-09-27T07:59:07, 0.0, 0.0, 0.0
2022-09-27T08:04:07, 0.0, 0.0, 0.0
2022-09-27T08:09:07, 0.0, 0.0, 0.0
2022-09-27T08:14:07, 0.0, 0.0, 0.0
2022-09-27T08:19:07, 0.0, 0.0, 0.0
2022-09-27T08:24:07, 0.0, 0.0, 0.0
2022-09-27T08:29:07, 0.0, 0.0, 0.0
2022-09-27T08:34:07, 0.0, 0.0, 0.0
2022-09-27T08:39:07, 0.0, 0.0, 0.0
2022-09-27T08:44:07, 0.0, 0.0, 0.0
2022-09-27T08:49:07, 0.0, 0.0, 0.0
2022-09-27T08:54:08, 0.0, 0.0, 0.0
2022-09-27T08:59:08, 0.0, 0.0, 0.0
2022-09-27T09:04:08, 0.0, 0.0, 0.0
2022-09-27T09:09:08, 0.0, 0.0, 0.0
2022-09-27T09:14:08, 0.0, 0.0, 0.0
2022-09-27T09:19:08, 0.0, 0.0, 0.0
2022-09-27T09:24:08, 0.0, 0.0, 0.0
2022-09-27T09:29:08, 0.0, 0.0, 0.0
2022-09-27T09:34:08, 0.0, 0.0, 0.0
2022-09-27T09:39:08, 0.0, 0.0, 0.0
2022-09-27T09:44:08, 0.0, 0.0, 0.0
2022-09-27T09:49:08, 0.0, 0.0, 0.0
2022-09-27T09:54:08, 0.0, 0.0, 0.0
2022-09-27T09:59:08, 0.0, 0.0, 0.0
2022-09-27T10:04:08, 0.0, 0.0, 0.0
2022-09-27T10:09:08, 0.0, 0.0, 0.0
2022-09-27T10:14:09, 0.0, 0.0, 0.0
2022-09-27T10:19:09, 0.0, 0.0, 0.0
2022-09-27T10:24:09, 0.0, 0.0, 0.0
2022-09-27T10:29:09, 0.0, 0.0, 0.0
2022-09-27T10:34:09, 0.0, 0.0, 0.0
2022-09-27T10:39:09, 0.0, 0.0, 0.0
2022-09-27T10:44:09, 0.0, 0.0, 0.0
2022-09-27T10:49:09, 0.0, 0.0, 0.0
2022-09-27T10:54:09, 0.0, 0.0, 0.0
2022-09-27T10:59:09, 0.0, 0.0, 0.0
2022-09-27T11:04:09, 0.0, 0.0, 0.0
2022-09-27T11:09:09, 0.0, 0.0, 0.0
2022-09-27T11:14:09, 0.0, 0.0, 0.0
2022-09-27T11:19:10, 0.0, 0.0, 0.0
2022-09-27T11:24:10, 0.0, 0.0, 0.0
2022-09-27T11:29:10, 0.0, 0.0, 0.0
2022-09-27T11:34:10, 0.0, 0.0, 0.0
2022-09-27T11:39:10, 0.0, 0.0, 0.0
2022-09-27T11:44:10, 0.0, 0.0, 0.0
2022-09-27T11:49:10, 0.0, 0.0, 0.0
2022-09-27T11:54:10, 0.0, 0.0, 0.0
2022-09-27T11:59:10, 0.0, 0.0, 0.28
2022-09-27T12:04:10, 0.0, 0.0, 0.0
2022-09-27T12:09:10, 0.0, 0.0, 0.0
2022-09-27T12:14:10, 0.0, 0.0, 0.0
2022-09-27T12:19:10, 0.0, 0.0, 0.0
2022-09-27T12:24:10, 0.0, 0.0, 0.0
2022-09-27T12:29:10, 0.0, 0.0, 0.0
2022-09-27T12:34:11, 0.0, 0.0, 0.0
2022-09-27T12:39:11, 0.0, 0.0, 0.0
2022-09-27T12:44:11, 0.0, 0.0, 0.0
2022-09-27T12:49:11, 0.0, 0.0, 0.0
2022-09-27T12:54:11, 0.0, 0.0, 0.0
2022-09-27T12:59:11, 0.0, 0.0, 0.0
2022-09-27T13:04:11, 0.0, 0.0, 0.0
2022-09-27T13:09:11, 0.0, 0.0, 0.0
2022-09-27T13:14:11, 0.0, 0.0, 0.0
2022-09-27T13:19:11, 0.0, 0.0, 0.0
2022-09-27T13:24:11, 0.0, 0.0, 0.0
2022-09-27T13:29:11, 0.0, 0.0, 0.0
2022-09-27T13:34:11, 0.0, 0.0, 0.0
2022-09-27T13:39:11, 0.0, 0.0, 0.0
2022-09-27T13:44:11, 0.0, 0.0, 0.0
2022-09-27T13:49:11, 0.0, 0.07, 0.0
2022-09-27T13:54:12, 0.0, 0.18, 0.0
2022-09-27T13:59:12, 0.0, 0.26, 0.0
2022-09-27T14:04:12, 0.0, 0.22, 0.0
2022-09-27T14:09:12, 0.0, 0.14, 0.0
2022-09-27T14:14:12, 0.0, 0.16, 0.0
2022-09-27T14:19:12, 0.0, 0.23, 0.0
2022-09-27T14:24:12, 0.0, 0.09, 0.0
2022-09-27T14:29:12, 0.0, 0.16, 0.0
2022-09-27T14:34:12, 0.0, 0.09, 0.0
2022-09-27T14:39:12, 0.0, 0.33, 0.0
2022-09-27T14:44:12, 0.0, 0.1, 0.0
2022-09-27T14:49:12, 0.0, 0.08, 0.0
2022-09-27T14:54:13, 0.0, 0.31, 0.0
2022-09-27T14:59:13, 0.0, 0.44, 0.0
2022-09-27T15:04:13, 0.0, 0.35, 0.0
2022-09-27T15:09:13, 0.0, 0.02, 0.0
2022-09-27T15:14:13, 0.0, 0.16, 0.0
2022-09-27T15:19:13, 0.0, 0.42, 0.0
2022-09-27T15:24:13, 0.0, 0.07, 0.0
2022-09-27T15:29:13, 0.0, 0.36, 0.0
2022-09-27T15:34:13, 0.0, 0.39, 0.0
2022-09-27T15:39:13, 0.0, 0.17, 0.0
2022-09-27T15:44:13, 0.0, 0.25, 0.0
2022-09-27T15:49:13, 0.0, 0.62, 0.0
2022-09-27T15:54:13, 0.0, 0.07, 0.0
2022-09-27T15:59:13, 0.0, 0.43, 0.0
2022-09-27T16:04:13, 0.0, 0.61, 0.0
2022-09-27T16:09:13, 0.0, 0.14, 0.0
2022-09-27T16:14:13, 0.0, 0.28, 0.0
2022-09-27T16:19:13, 0.0, 0.19, 0.0
2022-09-27T16:24:13, 0.0, 0.14, 0.0
2022-09-27T16:29:14, 0.0, 0.14, 0.0
2022-09-27T16:34:14, 0.0, 0.26, 0.0
2022-09-27T16:39:14, 0.0, 0.36, 0.0
2022-09-27T16:44:14, 0.0, 0.04, 0.0
2022-09-27T16:49:14, 0.0, 0.33, 1.12
2022-09-27T16:54:14, 0.0, 0.0, 0.0
2022-09-27T16:59:14, 0.0, 0.0, 0.0
2022-09-27T17:04:14, 0.0, 0.0, 0.0
2022-09-27T17:09:14, 0.0, 0.0, 0.0
2022-09-27T17:14:14, 0.0, 0.0, 0.0
2022-09-27T17:19:14, 0.0, 0.0, 0.0
2022-09-27T17:24:14, 0.0, 0.0, 0.0
2022-09-27T17:29:14, 0.0, 0.0, 0.0
2022-09-27T17:34:14, 0.0, 0.0, 0.0
2022-09-27T17:39:14, 0.0, 0.0, 0.0
2022-09-27T17:44:14, 0.0, 0.0, 0.0
2022-09-27T17:49:15, 0.0, 0.0, 0.0
2022-09-27T17:54:15, 0.0, 0.0, 0.0
2022-09-27T17:59:15, 0.0, 0.0, 0.0
2022-09-27T18:04:15, 0.0, 0.0, 0.0
2022-09-27T18:09:15, 0.0, 0.0, 0.0
